ORC_ETL_ATTRIBUTE
-----------------

Insert into ORC_ETL_ATTRIBUTE (ATTR_ID,ATTR_NM,ATTR_USED_FOR,CLAS_NM,VLD_LKUP,CRTE_USER_ID,CRTE_DT,LST_UPD_USER_ID,LST_UPD_DT) values (1,'fieldInt',null,'TestOptimaValidationVO',null,null,null,null,null);
Insert into ORC_ETL_ATTRIBUTE (ATTR_ID,ATTR_NM,ATTR_USED_FOR,CLAS_NM,VLD_LKUP,CRTE_USER_ID,CRTE_DT,LST_UPD_USER_ID,LST_UPD_DT) values (2,'fieldStr',null,'TestOptimaValidationVO',null,null,null,null,null);
Insert into ORC_ETL_ATTRIBUTE (ATTR_ID,ATTR_NM,ATTR_USED_FOR,CLAS_NM,VLD_LKUP,CRTE_USER_ID,CRTE_DT,LST_UPD_USER_ID,LST_UPD_DT) values (3,'fieldDt',null,'TestOptimaValidationVO',null,null,null,null,null);
Insert into ORC_ETL_ATTRIBUTE (ATTR_ID,ATTR_NM,ATTR_USED_FOR,CLAS_NM,VLD_LKUP,CRTE_USER_ID,CRTE_DT,LST_UPD_USER_ID,LST_UPD_DT) values (4,'fieldInt',null,'TestOptimaValidationOutputVO',null,null,null,null,null);
Insert into ORC_ETL_ATTRIBUTE (ATTR_ID,ATTR_NM,ATTR_USED_FOR,CLAS_NM,VLD_LKUP,CRTE_USER_ID,CRTE_DT,LST_UPD_USER_ID,LST_UPD_DT) values (5,'fieldStr',null,'TestOptimaValidationOutputVO',null,null,null,null,null);
Insert into ORC_ETL_ATTRIBUTE (ATTR_ID,ATTR_NM,ATTR_USED_FOR,CLAS_NM,VLD_LKUP,CRTE_USER_ID,CRTE_DT,LST_UPD_USER_ID,LST_UPD_DT) values (6,'DEL_BAND','AGGREGATION',null,null,null,to_date('06-JUN-13','DD-MON-RR'),null,null);
Insert into ORC_ETL_ATTRIBUTE (ATTR_ID,ATTR_NM,ATTR_USED_FOR,CLAS_NM,VLD_LKUP,CRTE_USER_ID,CRTE_DT,LST_UPD_USER_ID,LST_UPD_DT) values (7,'CLU_BAND','AGGREGATION',null,null,null,to_date('06-JUN-13','DD-MON-RR'),null,null);
Insert into ORC_ETL_ATTRIBUTE (ATTR_ID,ATTR_NM,ATTR_USED_FOR,CLAS_NM,VLD_LKUP,CRTE_USER_ID,CRTE_DT,LST_UPD_USER_ID,LST_UPD_DT) values (8,'FICO_BAND','AGGREGATION',null,null,null,to_date('06-JUN-13','DD-MON-RR'),null,null);
Insert into ORC_ETL_ATTRIBUTE (ATTR_ID,ATTR_NM,ATTR_USED_FOR,CLAS_NM,VLD_LKUP,CRTE_USER_ID,CRTE_DT,LST_UPD_USER_ID,LST_UPD_DT) values (9,'MOB_BAND','AGGREGATION',null,null,null,to_date('06-JUN-13','DD-MON-RR'),null,null);
Insert into ORC_ETL_ATTRIBUTE (ATTR_ID,ATTR_NM,ATTR_USED_FOR,CLAS_NM,VLD_LKUP,CRTE_USER_ID,CRTE_DT,LST_UPD_USER_ID,LST_UPD_DT) values (10,'NUM_DEFAULT','AGGREGATION',null,null,null,to_date('06-JUN-13','DD-MON-RR'),null,null);
Insert into ORC_ETL_ATTRIBUTE (ATTR_ID,ATTR_NM,ATTR_USED_FOR,CLAS_NM,VLD_LKUP,CRTE_USER_ID,CRTE_DT,LST_UPD_USER_ID,LST_UPD_DT) values (11,'UN_USED_START','AGGREGATION',null,null,null,to_date('06-JUN-13','DD-MON-RR'),null,null);
Insert into ORC_ETL_ATTRIBUTE (ATTR_ID,ATTR_NM,ATTR_USED_FOR,CLAS_NM,VLD_LKUP,CRTE_USER_ID,CRTE_DT,LST_UPD_USER_ID,LST_UPD_DT) values (12,'INC_BAL_DFLT','AGGREGATION',null,null,null,to_date('06-JUN-13','DD-MON-RR'),null,null);
Insert into ORC_ETL_ATTRIBUTE (ATTR_ID,ATTR_NM,ATTR_USED_FOR,CLAS_NM,VLD_LKUP,CRTE_USER_ID,CRTE_DT,LST_UPD_USER_ID,LST_UPD_DT) values (13,'CCF_DENOM','AGGREGATION',null,null,null,to_date('06-JUN-13','DD-MON-RR'),null,null);
Insert into ORC_ETL_ATTRIBUTE (ATTR_ID,ATTR_NM,ATTR_USED_FOR,CLAS_NM,VLD_LKUP,CRTE_USER_ID,CRTE_DT,LST_UPD_USER_ID,LST_UPD_DT) values (14,'ccarProductType','ENRICHMENT',null,null,null,null,null,null);
Insert into ORC_ETL_ATTRIBUTE (ATTR_ID,ATTR_NM,ATTR_USED_FOR,CLAS_NM,VLD_LKUP,CRTE_USER_ID,CRTE_DT,LST_UPD_USER_ID,LST_UPD_DT) values (15,'ccarAge','ENRICHMENT',null,null,null,to_date('12-JUN-13','DD-MON-RR'),null,null);
Insert into ORC_ETL_ATTRIBUTE (ATTR_ID,ATTR_NM,ATTR_USED_FOR,CLAS_NM,VLD_LKUP,CRTE_USER_ID,CRTE_DT,LST_UPD_USER_ID,LST_UPD_DT) values (16,'ccarDelinquencyStatus','ENRICHMENT',null,null,null,to_date('12-JUN-13','DD-MON-RR'),null,null);
Insert into ORC_ETL_ATTRIBUTE (ATTR_ID,ATTR_NM,ATTR_USED_FOR,CLAS_NM,VLD_LKUP,CRTE_USER_ID,CRTE_DT,LST_UPD_USER_ID,LST_UPD_DT) values (17,'ccarFicoEquivalent','ENRICHMENT',null,null,null,to_date('12-JUN-13','DD-MON-RR'),null,null);
Insert into ORC_ETL_ATTRIBUTE (ATTR_ID,ATTR_NM,ATTR_USED_FOR,CLAS_NM,VLD_LKUP,CRTE_USER_ID,CRTE_DT,LST_UPD_USER_ID,LST_UPD_DT) values (18,'ccarNumAccounts','ENRICHMENT',null,null,null,to_date('12-JUN-13','DD-MON-RR'),null,null);
Insert into ORC_ETL_ATTRIBUTE (ATTR_ID,ATTR_NM,ATTR_USED_FOR,CLAS_NM,VLD_LKUP,CRTE_USER_ID,CRTE_DT,LST_UPD_USER_ID,LST_UPD_DT) values (19,'ccarCommitmentAmt','ENRICHMENT',null,null,null,to_date('12-JUN-13','DD-MON-RR'),null,null);
Insert into ORC_ETL_ATTRIBUTE (ATTR_ID,ATTR_NM,ATTR_USED_FOR,CLAS_NM,VLD_LKUP,CRTE_USER_ID,CRTE_DT,LST_UPD_USER_ID,LST_UPD_DT) values (20,'ccarNumAccountChargeOff','ENRICHMENT',null,null,null,to_date('12-JUN-13','DD-MON-RR'),null,null);
Insert into ORC_ETL_ATTRIBUTE (ATTR_ID,ATTR_NM,ATTR_USED_FOR,CLAS_NM,VLD_LKUP,CRTE_USER_ID,CRTE_DT,LST_UPD_USER_ID,LST_UPD_DT) values (21,'ccarReceivableAmt','AGGREGATION',null,null,null,to_date('12-JUN-13','DD-MON-RR'),null,null);
Insert into ORC_ETL_ATTRIBUTE (ATTR_ID,ATTR_NM,ATTR_USED_FOR,CLAS_NM,VLD_LKUP,CRTE_USER_ID,CRTE_DT,LST_UPD_USER_ID,LST_UPD_DT) values (22,'ccarUnpaidPrinBal','AGGREGATION',null,null,null,to_date('12-JUN-13','DD-MON-RR'),null,null);
Insert into ORC_ETL_ATTRIBUTE (ATTR_ID,ATTR_NM,ATTR_USED_FOR,CLAS_NM,VLD_LKUP,CRTE_USER_ID,CRTE_DT,LST_UPD_USER_ID,LST_UPD_DT) values (23,'eGcbcPortfolioId','AGGREGATION',null,null,null,to_date('21-JUN-13','DD-MON-RR'),null,to_date('21-JUN-13','DD-MON-RR'));
Insert into ORC_ETL_ATTRIBUTE (ATTR_ID,ATTR_NM,ATTR_USED_FOR,CLAS_NM,VLD_LKUP,CRTE_USER_ID,CRTE_DT,LST_UPD_USER_ID,LST_UPD_DT) values (24,'eCountry','AGGREGATION',null,null,null,to_date('21-JUN-13','DD-MON-RR'),null,to_date('21-JUN-13','DD-MON-RR'));
Insert into ORC_ETL_ATTRIBUTE (ATTR_ID,ATTR_NM,ATTR_USED_FOR,CLAS_NM,VLD_LKUP,CRTE_USER_ID,CRTE_DT,LST_UPD_USER_ID,LST_UPD_DT) values (25,'eRefPortfolioCCY','AGGREGATION',null,null,null,to_date('21-JUN-13','DD-MON-RR'),null,to_date('21-JUN-13','DD-MON-RR'));
Insert into ORC_ETL_ATTRIBUTE (ATTR_ID,ATTR_NM,ATTR_USED_FOR,CLAS_NM,VLD_LKUP,CRTE_USER_ID,CRTE_DT,LST_UPD_USER_ID,LST_UPD_DT) values (26,'eRefFXrate','AGGREGATION',null,null,null,to_date('21-JUN-13','DD-MON-RR'),null,to_date('21-JUN-13','DD-MON-RR'));
Insert into ORC_ETL_ATTRIBUTE (ATTR_ID,ATTR_NM,ATTR_USED_FOR,CLAS_NM,VLD_LKUP,CRTE_USER_ID,CRTE_DT,LST_UPD_USER_ID,LST_UPD_DT) values (27,'eProductType','AGGREGATION',null,null,null,to_date('21-JUN-13','DD-MON-RR'),null,to_date('21-JUN-13','DD-MON-RR'));
Insert into ORC_ETL_ATTRIBUTE (ATTR_ID,ATTR_NM,ATTR_USED_FOR,CLAS_NM,VLD_LKUP,CRTE_USER_ID,CRTE_DT,LST_UPD_USER_ID,LST_UPD_DT) values (28,'eBorrowerRegion','AGGREGATION',null,null,null,to_date('21-JUN-13','DD-MON-RR'),null,to_date('21-JUN-13','DD-MON-RR'));
Insert into ORC_ETL_ATTRIBUTE (ATTR_ID,ATTR_NM,ATTR_USED_FOR,CLAS_NM,VLD_LKUP,CRTE_USER_ID,CRTE_DT,LST_UPD_USER_ID,LST_UPD_DT) values (29,'eOriginalLtv','AGGREGATION',null,null,null,to_date('21-JUN-13','DD-MON-RR'),null,to_date('21-JUN-13','DD-MON-RR'));
Insert into ORC_ETL_ATTRIBUTE (ATTR_ID,ATTR_NM,ATTR_USED_FOR,CLAS_NM,VLD_LKUP,CRTE_USER_ID,CRTE_DT,LST_UPD_USER_ID,LST_UPD_DT) values (30,'eCcarAge','AGGREGATION',null,null,null,to_date('21-JUN-13','DD-MON-RR'),null,to_date('21-JUN-13','DD-MON-RR'));
Insert into ORC_ETL_ATTRIBUTE (ATTR_ID,ATTR_NM,ATTR_USED_FOR,CLAS_NM,VLD_LKUP,CRTE_USER_ID,CRTE_DT,LST_UPD_USER_ID,LST_UPD_DT) values (31,'eDelinquencyStatus','AGGREGATION',null,null,null,to_date('21-JUN-13','DD-MON-RR'),null,to_date('21-JUN-13','DD-MON-RR'));
Insert into ORC_ETL_ATTRIBUTE (ATTR_ID,ATTR_NM,ATTR_USED_FOR,CLAS_NM,VLD_LKUP,CRTE_USER_ID,CRTE_DT,LST_UPD_USER_ID,LST_UPD_DT) values (32,'eFicoEquivalent','AGGREGATION',null,null,null,to_date('21-JUN-13','DD-MON-RR'),null,to_date('21-JUN-13','DD-MON-RR'));
Insert into ORC_ETL_ATTRIBUTE (ATTR_ID,ATTR_NM,ATTR_USED_FOR,CLAS_NM,VLD_LKUP,CRTE_USER_ID,CRTE_DT,LST_UPD_USER_ID,LST_UPD_DT) values (33,'eNumAccounts','AGGREGATION',null,null,null,to_date('21-JUN-13','DD-MON-RR'),null,to_date('21-JUN-13','DD-MON-RR'));
Insert into ORC_ETL_ATTRIBUTE (ATTR_ID,ATTR_NM,ATTR_USED_FOR,CLAS_NM,VLD_LKUP,CRTE_USER_ID,CRTE_DT,LST_UPD_USER_ID,LST_UPD_DT) values (34,'eUnpaidPrinBal','AGGREGATION',null,null,null,to_date('21-JUN-13','DD-MON-RR'),null,to_date('21-JUN-13','DD-MON-RR'));
Insert into ORC_ETL_ATTRIBUTE (ATTR_ID,ATTR_NM,ATTR_USED_FOR,CLAS_NM,VLD_LKUP,CRTE_USER_ID,CRTE_DT,LST_UPD_USER_ID,LST_UPD_DT) values (35,'eReceivableAmt','AGGREGATION',null,null,null,to_date('21-JUN-13','DD-MON-RR'),null,to_date('21-JUN-13','DD-MON-RR'));
Insert into ORC_ETL_ATTRIBUTE (ATTR_ID,ATTR_NM,ATTR_USED_FOR,CLAS_NM,VLD_LKUP,CRTE_USER_ID,CRTE_DT,LST_UPD_USER_ID,LST_UPD_DT) values (36,'eOutstandingDPDOver30Amt','AGGREGATION',null,null,null,to_date('21-JUN-13','DD-MON-RR'),null,to_date('21-JUN-13','DD-MON-RR'));
Insert into ORC_ETL_ATTRIBUTE (ATTR_ID,ATTR_NM,ATTR_USED_FOR,CLAS_NM,VLD_LKUP,CRTE_USER_ID,CRTE_DT,LST_UPD_USER_ID,LST_UPD_DT) values (37,'eNumAcctDPDOver30','AGGREGATION',null,null,null,to_date('21-JUN-13','DD-MON-RR'),null,to_date('21-JUN-13','DD-MON-RR'));
Insert into ORC_ETL_ATTRIBUTE (ATTR_ID,ATTR_NM,ATTR_USED_FOR,CLAS_NM,VLD_LKUP,CRTE_USER_ID,CRTE_DT,LST_UPD_USER_ID,LST_UPD_DT) values (38,'eNumNewAccounts','AGGREGATION',null,null,null,to_date('21-JUN-13','DD-MON-RR'),null,to_date('21-JUN-13','DD-MON-RR'));
Insert into ORC_ETL_ATTRIBUTE (ATTR_ID,ATTR_NM,ATTR_USED_FOR,CLAS_NM,VLD_LKUP,CRTE_USER_ID,CRTE_DT,LST_UPD_USER_ID,LST_UPD_DT) values (39,'eNewAccountAmt','AGGREGATION',null,null,null,to_date('21-JUN-13','DD-MON-RR'),null,to_date('21-JUN-13','DD-MON-RR'));
Insert into ORC_ETL_ATTRIBUTE (ATTR_ID,ATTR_NM,ATTR_USED_FOR,CLAS_NM,VLD_LKUP,CRTE_USER_ID,CRTE_DT,LST_UPD_USER_ID,LST_UPD_DT) values (40,'eCommitmentAmt','AGGREGATION',null,null,null,to_date('21-JUN-13','DD-MON-RR'),null,to_date('21-JUN-13','DD-MON-RR'));
Insert into ORC_ETL_ATTRIBUTE (ATTR_ID,ATTR_NM,ATTR_USED_FOR,CLAS_NM,VLD_LKUP,CRTE_USER_ID,CRTE_DT,LST_UPD_USER_ID,LST_UPD_DT) values (41,'eNewCommitmentAmt','AGGREGATION',null,null,null,to_date('21-JUN-13','DD-MON-RR'),null,to_date('21-JUN-13','DD-MON-RR'));
Insert into ORC_ETL_ATTRIBUTE (ATTR_ID,ATTR_NM,ATTR_USED_FOR,CLAS_NM,VLD_LKUP,CRTE_USER_ID,CRTE_DT,LST_UPD_USER_ID,LST_UPD_DT) values (42,'eCommitmentIncHelocAmt','AGGREGATION',null,null,null,to_date('21-JUN-13','DD-MON-RR'),null,to_date('21-JUN-13','DD-MON-RR'));
Insert into ORC_ETL_ATTRIBUTE (ATTR_ID,ATTR_NM,ATTR_USED_FOR,CLAS_NM,VLD_LKUP,CRTE_USER_ID,CRTE_DT,LST_UPD_USER_ID,LST_UPD_DT) values (43,'eCommitmentDecHelocAmt','AGGREGATION',null,null,null,to_date('21-JUN-13','DD-MON-RR'),null,to_date('21-JUN-13','DD-MON-RR'));
Insert into ORC_ETL_ATTRIBUTE (ATTR_ID,ATTR_NM,ATTR_USED_FOR,CLAS_NM,VLD_LKUP,CRTE_USER_ID,CRTE_DT,LST_UPD_USER_ID,LST_UPD_DT) values (44,'eModificationAmt','AGGREGATION',null,null,null,to_date('21-JUN-13','DD-MON-RR'),null,to_date('21-JUN-13','DD-MON-RR'));
Insert into ORC_ETL_ATTRIBUTE (ATTR_ID,ATTR_NM,ATTR_USED_FOR,CLAS_NM,VLD_LKUP,CRTE_USER_ID,CRTE_DT,LST_UPD_USER_ID,LST_UPD_DT) values (45,'eGrossContractChargeOffAmt','AGGREGATION',null,null,null,to_date('21-JUN-13','DD-MON-RR'),null,to_date('21-JUN-13','DD-MON-RR'));
Insert into ORC_ETL_ATTRIBUTE (ATTR_ID,ATTR_NM,ATTR_USED_FOR,CLAS_NM,VLD_LKUP,CRTE_USER_ID,CRTE_DT,LST_UPD_USER_ID,LST_UPD_DT) values (46,'eBankruptcyChargeOffAmt','AGGREGATION',null,null,null,to_date('21-JUN-13','DD-MON-RR'),null,to_date('21-JUN-13','DD-MON-RR'));
Insert into ORC_ETL_ATTRIBUTE (ATTR_ID,ATTR_NM,ATTR_USED_FOR,CLAS_NM,VLD_LKUP,CRTE_USER_ID,CRTE_DT,LST_UPD_USER_ID,LST_UPD_DT) values (47,'eRecoveriesAmt','AGGREGATION',null,null,null,to_date('21-JUN-13','DD-MON-RR'),null,to_date('21-JUN-13','DD-MON-RR'));
Insert into ORC_ETL_ATTRIBUTE (ATTR_ID,ATTR_NM,ATTR_USED_FOR,CLAS_NM,VLD_LKUP,CRTE_USER_ID,CRTE_DT,LST_UPD_USER_ID,LST_UPD_DT) values (48,'eNumAccountChargeOff','AGGREGATION',null,null,null,to_date('21-JUN-13','DD-MON-RR'),null,to_date('21-JUN-13','DD-MON-RR'));
Insert into ORC_ETL_ATTRIBUTE (ATTR_ID,ATTR_NM,ATTR_USED_FOR,CLAS_NM,VLD_LKUP,CRTE_USER_ID,CRTE_DT,LST_UPD_USER_ID,LST_UPD_DT) values (49,'eNetChargeOffAmt','AGGREGATION',null,null,null,to_date('21-JUN-13','DD-MON-RR'),null,to_date('21-JUN-13','DD-MON-RR'));
Insert into ORC_ETL_ATTRIBUTE (ATTR_ID,ATTR_NM,ATTR_USED_FOR,CLAS_NM,VLD_LKUP,CRTE_USER_ID,CRTE_DT,LST_UPD_USER_ID,LST_UPD_DT) values (50,'eNetChargeOffReconAmt','AGGREGATION',null,null,null,to_date('21-JUN-13','DD-MON-RR'),null,to_date('21-JUN-13','DD-MON-RR'));
Insert into ORC_ETL_ATTRIBUTE (ATTR_ID,ATTR_NM,ATTR_USED_FOR,CLAS_NM,VLD_LKUP,CRTE_USER_ID,CRTE_DT,LST_UPD_USER_ID,LST_UPD_DT) values (51,'eForeClosureAmt','AGGREGATION',null,null,null,to_date('21-JUN-13','DD-MON-RR'),null,to_date('21-JUN-13','DD-MON-RR'));
Insert into ORC_ETL_ATTRIBUTE (ATTR_ID,ATTR_NM,ATTR_USED_FOR,CLAS_NM,VLD_LKUP,CRTE_USER_ID,CRTE_DT,LST_UPD_USER_ID,LST_UPD_DT) values (52,'eNewForeClosureAmt','AGGREGATION',null,null,null,to_date('21-JUN-13','DD-MON-RR'),null,to_date('21-JUN-13','DD-MON-RR'));
Insert into ORC_ETL_ATTRIBUTE (ATTR_ID,ATTR_NM,ATTR_USED_FOR,CLAS_NM,VLD_LKUP,CRTE_USER_ID,CRTE_DT,LST_UPD_USER_ID,LST_UPD_DT) values (53,'eREOBalAmt','AGGREGATION',null,null,null,to_date('21-JUN-13','DD-MON-RR'),null,to_date('21-JUN-13','DD-MON-RR'));
Insert into ORC_ETL_ATTRIBUTE (ATTR_ID,ATTR_NM,ATTR_USED_FOR,CLAS_NM,VLD_LKUP,CRTE_USER_ID,CRTE_DT,LST_UPD_USER_ID,LST_UPD_DT) values (54,'eNewREOAmt','AGGREGATION',null,null,null,to_date('21-JUN-13','DD-MON-RR'),null,to_date('21-JUN-13','DD-MON-RR'));
Insert into ORC_ETL_ATTRIBUTE (ATTR_ID,ATTR_NM,ATTR_USED_FOR,CLAS_NM,VLD_LKUP,CRTE_USER_ID,CRTE_DT,LST_UPD_USER_ID,LST_UPD_DT) values (55,'eRiskType','ENRICHMENT',null,null,'tr31047',to_date('25-JUN-13','DD-MON-RR'),'tr31047',to_date('25-JUN-13','DD-MON-RR'));
Insert into ORC_ETL_ATTRIBUTE (ATTR_ID,ATTR_NM,ATTR_USED_FOR,CLAS_NM,VLD_LKUP,CRTE_USER_ID,CRTE_DT,LST_UPD_USER_ID,LST_UPD_DT) values (56,'includeAccount','ENRICHMENT',null,null,null,null,null,null);
Insert into ORC_ETL_ATTRIBUTE (ATTR_ID,ATTR_NM,ATTR_USED_FOR,CLAS_NM,VLD_LKUP,CRTE_USER_ID,CRTE_DT,LST_UPD_USER_ID,LST_UPD_DT) values (57,'includeAccount[{scheduleId}]','AGGREGATION',null,null,null,to_date('02-JUL-13','DD-MON-RR'),null,to_date('02-JUL-13','DD-MON-RR'));
Insert into ORC_ETL_ATTRIBUTE (ATTR_ID,ATTR_NM,ATTR_USED_FOR,CLAS_NM,VLD_LKUP,CRTE_USER_ID,CRTE_DT,LST_UPD_USER_ID,LST_UPD_DT) values (58,'accountBalanceInd','ENRICHMENT',null,null,null,null,null,null);
Insert into ORC_ETL_ATTRIBUTE (ATTR_ID,ATTR_NM,ATTR_USED_FOR,CLAS_NM,VLD_LKUP,CRTE_USER_ID,CRTE_DT,LST_UPD_USER_ID,LST_UPD_DT) values (59,'portfolioId','VALIDATION','OptimaRetailAccount',null,null,to_date('08-JUL-13','DD-MON-RR'),null,to_date('08-JUL-13','DD-MON-RR'));
Insert into ORC_ETL_ATTRIBUTE (ATTR_ID,ATTR_NM,ATTR_USED_FOR,CLAS_NM,VLD_LKUP,CRTE_USER_ID,CRTE_DT,LST_UPD_USER_ID,LST_UPD_DT) values (60,'segmentID','VALIDATION','OptimaRetailAccount',null,null,to_date('08-JUL-13','DD-MON-RR'),null,to_date('08-JUL-13','DD-MON-RR'));
Insert into ORC_ETL_ATTRIBUTE (ATTR_ID,ATTR_NM,ATTR_USED_FOR,CLAS_NM,VLD_LKUP,CRTE_USER_ID,CRTE_DT,LST_UPD_USER_ID,LST_UPD_DT) values (61,'productType','VALIDATION','OptimaRetailAccount',null,null,to_date('08-JUL-13','DD-MON-RR'),null,to_date('08-JUL-13','DD-MON-RR'));
Insert into ORC_ETL_ATTRIBUTE (ATTR_ID,ATTR_NM,ATTR_USED_FOR,CLAS_NM,VLD_LKUP,CRTE_USER_ID,CRTE_DT,LST_UPD_USER_ID,LST_UPD_DT) values (62,'ficoScore','VALIDATION','OptimaRetailAccount',null,null,to_date('08-JUL-13','DD-MON-RR'),null,to_date('08-JUL-13','DD-MON-RR'));
Insert into ORC_ETL_ATTRIBUTE (ATTR_ID,ATTR_NM,ATTR_USED_FOR,CLAS_NM,VLD_LKUP,CRTE_USER_ID,CRTE_DT,LST_UPD_USER_ID,LST_UPD_DT) values (63,'managedGeography','VALIDATION','OptimaRetailAccount',null,null,to_date('08-JUL-13','DD-MON-RR'),null,to_date('08-JUL-13','DD-MON-RR'));
Insert into ORC_ETL_ATTRIBUTE (ATTR_ID,ATTR_NM,ATTR_USED_FOR,CLAS_NM,VLD_LKUP,CRTE_USER_ID,CRTE_DT,LST_UPD_USER_ID,LST_UPD_DT) values (64,'reportDate','VALIDATION','OptimaRetailAccount',null,null,to_date('08-JUL-13','DD-MON-RR'),null,to_date('08-JUL-13','DD-MON-RR'));
Insert into ORC_ETL_ATTRIBUTE (ATTR_ID,ATTR_NM,ATTR_USED_FOR,CLAS_NM,VLD_LKUP,CRTE_USER_ID,CRTE_DT,LST_UPD_USER_ID,LST_UPD_DT) values (65,'originalPrincipalAmt','VALIDATION','OptimaRetailAccount',null,null,to_date('08-JUL-13','DD-MON-RR'),null,to_date('08-JUL-13','DD-MON-RR'));
Insert into ORC_ETL_ATTRIBUTE (ATTR_ID,ATTR_NM,ATTR_USED_FOR,CLAS_NM,VLD_LKUP,CRTE_USER_ID,CRTE_DT,LST_UPD_USER_ID,LST_UPD_DT) values (66,'originalCollateral','VALIDATION','OptimaRetailAccount',null,null,to_date('08-JUL-13','DD-MON-RR'),null,to_date('08-JUL-13','DD-MON-RR'));
Insert into ORC_ETL_ATTRIBUTE (ATTR_ID,ATTR_NM,ATTR_USED_FOR,CLAS_NM,VLD_LKUP,CRTE_USER_ID,CRTE_DT,LST_UPD_USER_ID,LST_UPD_DT) values (67,'originalLTV','VALIDATION','OptimaRetailAccount',null,null,to_date('08-JUL-13','DD-MON-RR'),null,to_date('08-JUL-13','DD-MON-RR'));
Insert into ORC_ETL_ATTRIBUTE (ATTR_ID,ATTR_NM,ATTR_USED_FOR,CLAS_NM,VLD_LKUP,CRTE_USER_ID,CRTE_DT,LST_UPD_USER_ID,LST_UPD_DT) values (68,'deliquencyStartDt','VALIDATION','OptimaRetailAccount',null,null,to_date('08-JUL-13','DD-MON-RR'),null,to_date('08-JUL-13','DD-MON-RR'));
Insert into ORC_ETL_ATTRIBUTE (ATTR_ID,ATTR_NM,ATTR_USED_FOR,CLAS_NM,VLD_LKUP,CRTE_USER_ID,CRTE_DT,LST_UPD_USER_ID,LST_UPD_DT) values (69,'deliquencyEndDt','VALIDATION','OptimaRetailAccount',null,null,to_date('08-JUL-13','DD-MON-RR'),null,to_date('08-JUL-13','DD-MON-RR'));
Insert into ORC_ETL_ATTRIBUTE (ATTR_ID,ATTR_NM,ATTR_USED_FOR,CLAS_NM,VLD_LKUP,CRTE_USER_ID,CRTE_DT,LST_UPD_USER_ID,LST_UPD_DT) values (70,'deliquencyDuration','VALIDATION','OptimaRetailAccount',null,null,to_date('08-JUL-13','DD-MON-RR'),null,to_date('08-JUL-13','DD-MON-RR'));




ORC_AGGR_RULE
-------------

Insert into ORC_AGGR_RULE (ORC_AGGR_RULE_ID,AGGR_NM,AGGR_DESC,ISRT_SQL,EFF_STS,EFF_DT,END_DT,CRTE_USER_ID,CRTE_DT,LST_UPD_USER_ID,LST_UPD_DT) values ('1','BASEL','BASEL','insert into BASEL_B2_IMPORT_AGGR_TBL (ID,MONTHENDDATE,DEL_BAND,CLU_BAND,FICO_BAND,MOB_BAND,NUM_DEFAULT,UN_USED_START,INC_BAL_DFLT,CCF_DENOM) values (?,?,?,?,?,?,?,?,?,?)','A',to_date('06-JUN-13','DD-MON-RR'),to_date('06-JUN-14','DD-MON-RR'),null,to_date('06-JUN-13','DD-MON-RR'),null,null);
Insert into ORC_AGGR_RULE (ORC_AGGR_RULE_ID,AGGR_NM,AGGR_DESC,ISRT_SQL,EFF_STS,EFF_DT,END_DT,CRTE_USER_ID,CRTE_DT,LST_UPD_USER_ID,LST_UPD_DT) values ('3','ICCAR_MORTGAGE','ICCAR_MORTGAGE','insert into ORC_OUTPUT_AGGREGATION (BATCH_INSTANCE_ID,SCHEDULE_ID,REPORTING_PERIOD,PRODUCT_TYPE,REGION,ORIG_LTV,AGE,CURR_DLQ_STATUS,ORIG_FICO,N_ACCT,D_UPB,D_ENR,N_NEW_ACCOUNTS,D_GROSS_CONTRACTUAL_CO,D_BANKRUPTCY_CO,D_RECOVERIES,N_ACCT_CO,D_NET_CO,D_ADJ_NET_CO) values(?,?,?,?,?,?,?,?,?,?,?,?,?,?,?,?,?,?,?)','A',to_date('21-JUN-13','DD-MON-RR'),to_date('21-JUN-14','DD-MON-RR'),null,to_date('21-JUN-13','DD-MON-RR'),null,null);
Insert into ORC_AGGR_RULE (ORC_AGGR_RULE_ID,AGGR_NM,AGGR_DESC,ISRT_SQL,EFF_STS,EFF_DT,END_DT,CRTE_USER_ID,CRTE_DT,LST_UPD_USER_ID,LST_UPD_DT) values ('4','ICCAR_HOMEEQUITY','ICCAR_HOMEEQUITY','insert into ORC_OUTPUT_AGGREGATION (BATCH_INSTANCE_ID,SCHEDULE_ID,REPORTING_PERIOD,PRODUCT_TYPE,REGION,ORIG_LTV,AGE,CURR_DLQ_STATUS,ORIG_FICO,N_ACCT,D_UPB,D_ENR,N_NEW_ACCOUNTS,D_NEW_ACCOUNTS,D_COMMITMENTS,D_NEW_COMMITMENTS,D_COMMITMENT_INCREASES,D_COMMITMENT_DECREASES,D_GROSS_CONTRACTUAL_CO,D_BANKRUPTCY_CO,D_RECOVERIES,N_ACCT_CO,D_NET_CO,D_ADJ_NET_CO,D_FORECLOSURE,D_NEW_FORECLOSURE,D_REO,D_NEW_REO) values(?,?,?,?,?,?,?,?,?,?,?,?,?,?,?,?,?,?,?,?,?,?,?,?,?,?,?,?)','A',to_date('21-JUN-13','DD-MON-RR'),to_date('21-JUN-14','DD-MON-RR'),null,to_date('21-JUN-13','DD-MON-RR'),null,null);
Insert into ORC_AGGR_RULE (ORC_AGGR_RULE_ID,AGGR_NM,AGGR_DESC,ISRT_SQL,EFF_STS,EFF_DT,END_DT,CRTE_USER_ID,CRTE_DT,LST_UPD_USER_ID,LST_UPD_DT) values ('5','ICCAR_INTL_SMALL_BUSINESS','ICCAR_INTL_SMALL_BUSINESS','insert into ORC_OUTPUT_AGGREGATION (BATCH_INSTANCE_ID,SCHEDULE_ID,REPORTING_PERIOD,PRODUCT_TYPE,REGION,AGE,CURR_DLQ_STATUS,ORIG_FICO,N_ACCT,D_UPB,D_ENR,N_NEW_ACCOUNTS,D_COMMITMENTS,D_MODIFICATIONS,D_GROSS_CONTRACTUAL_CO,D_BANKRUPTCY_CO,D_RECOVERIES,N_ACCT_CO,D_NET_CO,D_ADJ_NET_CO) values(?,?,?,?,?,?,?,?,?,?,?,?,?,?,?,?,?,?,?,?)','A',to_date('21-JUN-13','DD-MON-RR'),to_date('21-JUN-14','DD-MON-RR'),null,to_date('21-JUN-13','DD-MON-RR'),null,null);
Insert into ORC_AGGR_RULE (ORC_AGGR_RULE_ID,AGGR_NM,AGGR_DESC,ISRT_SQL,EFF_STS,EFF_DT,END_DT,CRTE_USER_ID,CRTE_DT,LST_UPD_USER_ID,LST_UPD_DT) values ('6','ICCAR_US_SMALL_BUSINESS','ICCAR_US_SMALL_BUSINESS','insert into ORC_OUTPUT_AGGREGATION (BATCH_INSTANCE_ID,SCHEDULE_ID,REPORTING_PERIOD,PRODUCT_TYPE,AGE,CURR_DLQ_STATUS,ORIG_FICO,N_ACCT,D_UPB,D_ENR,N_NEW_ACCOUNTS,D_COMMITMENTS,D_MODIFICATIONS,D_GROSS_CONTRACTUAL_CO,D_BANKRUPTCY_CO,D_RECOVERIES,N_ACCT_CO,D_NET_CO,D_ADJ_NET_CO) values(?,?,?,?,?,?,?,?,?,?,?,?,?,?,?,?,?,?,?)','A',to_date('21-JUN-13','DD-MON-RR'),to_date('21-JUN-14','DD-MON-RR'),null,to_date('21-JUN-13','DD-MON-RR'),null,null);
Insert into ORC_AGGR_RULE (ORC_AGGR_RULE_ID,AGGR_NM,AGGR_DESC,ISRT_SQL,EFF_STS,EFF_DT,END_DT,CRTE_USER_ID,CRTE_DT,LST_UPD_USER_ID,LST_UPD_DT) values ('7','ICCAR_INTL_OTHER_CONSUMER','ICCAR_INTL_OTHER_CONSUMER','insert into ORC_OUTPUT_AGGREGATION (BATCH_INSTANCE_ID,SCHEDULE_ID,REPORTING_PERIOD,PRODUCT_TYPE,REGION,ORIG_LTV,CURR_DLQ_STATUS,ORIG_FICO,N_ACCT,D_UPB,D_ENR,N_NEW_ACCOUNTS,D_NEW_COMMITMENTS,D_GROSS_CONTRACTUAL_CO,D_BANKRUPTCY_CO,D_RECOVERIES,N_ACCT_CO,D_NET_CO,D_ADJ_NET_CO) values(?,?,?,?,?,?,?,?,?,?,?,?,?,?,?,?,?,?,?)','A',to_date('21-JUN-13','DD-MON-RR'),to_date('21-JUN-14','DD-MON-RR'),null,to_date('21-JUN-13','DD-MON-RR'),null,null);
Insert into ORC_AGGR_RULE (ORC_AGGR_RULE_ID,AGGR_NM,AGGR_DESC,ISRT_SQL,EFF_STS,EFF_DT,END_DT,CRTE_USER_ID,CRTE_DT,LST_UPD_USER_ID,LST_UPD_DT) values ('8','ICCAR_US_OTHER_CONSUMER','ICCAR_US_OTHER_CONSUMER','insert into ORC_OUTPUT_AGGREGATION (BATCH_INSTANCE_ID,SCHEDULE_ID,REPORTING_PERIOD,PRODUCT_TYPE,ORIG_LTV,CURR_DLQ_STATUS,ORIG_FICO,N_ACCT,D_UPB,D_ENR,N_NEW_ACCOUNTS,D_NEW_COMMITMENTS,D_GROSS_CONTRACTUAL_CO,D_BANKRUPTCY_CO,D_RECOVERIES,N_ACCT_CO,D_NET_CO,D_ADJ_NET_CO) values(?,?,?,?,?,?,?,?,?,?,?,?,?,?,?,?,?,?)','A',to_date('21-JUN-13','DD-MON-RR'),to_date('21-JUN-14','DD-MON-RR'),null,to_date('21-JUN-13','DD-MON-RR'),null,null);
Insert into ORC_AGGR_RULE (ORC_AGGR_RULE_ID,AGGR_NM,AGGR_DESC,ISRT_SQL,EFF_STS,EFF_DT,END_DT,CRTE_USER_ID,CRTE_DT,LST_UPD_USER_ID,LST_UPD_DT) values ('2','ICCAR_CARDS','ICCAR CARDS','insert into ORC_OUTPUT_AGGREGATION (BATCH_INSTANCE_ID,SCHEDULE_ID,REPORTING_PERIOD,PRODUCT_TYPE,REGION,AGE,CURR_DLQ_STATUS,ORIG_FICO,N_ACCT,D_UPB,D_ENR,D_OS_ACCT_GE30_DPD_24M,N_ACCTS_GE30_DPD_24M,N_NEW_ACCOUNTS,D_COMMITMENTS,D_NEW_COMMITMENTS,D_GROSS_CONTRACTUAL_CO,D_BANKRUPTCY_CO,D_RECOVERIES,N_ACCT_CO,D_NET_CO,D_ADJ_NET_CO) values(?,?,?,?,?,?,?,?,?,?,?,?,?,?,?,?,?,?,?,?,?,?)','A',to_date('21-JUN-13','DD-MON-RR'),to_date('21-JUN-14','DD-MON-RR'),null,to_date('21-JUN-13','DD-MON-RR'),null,null);


ORC_AGGR_RULE_ELEM_TYP
-----------------------

Insert into ORC_AGGR_RULE_ELEM_TYP (AGGR_ELEM_TYP_ID,AGGR_ELEM_TYP_NM,EFF_STS,EFF_DT,END_DT,CRTE_USER_ID,CRTE_DT,LST_UPD_USER_ID,LST_UPD_DT) values (1,'KEY','A',to_date('06-JUN-13','DD-MON-RR'),to_date('06-JUN-14','DD-MON-RR'),null,to_date('06-JUN-13','DD-MON-RR'),null,null);
Insert into ORC_AGGR_RULE_ELEM_TYP (AGGR_ELEM_TYP_ID,AGGR_ELEM_TYP_NM,EFF_STS,EFF_DT,END_DT,CRTE_USER_ID,CRTE_DT,LST_UPD_USER_ID,LST_UPD_DT) values (2,'METRICS','A',to_date('06-JUN-13','DD-MON-RR'),to_date('06-JUN-14','DD-MON-RR'),null,to_date('06-JUN-13','DD-MON-RR'),null,null);
Insert into ORC_AGGR_RULE_ELEM_TYP (AGGR_ELEM_TYP_ID,AGGR_ELEM_TYP_NM,EFF_STS,EFF_DT,END_DT,CRTE_USER_ID,CRTE_DT,LST_UPD_USER_ID,LST_UPD_DT) values (3,'WHERECRITERIA','A',to_date('06-JUN-13','DD-MON-RR'),to_date('06-JUN-14','DD-MON-RR'),null,to_date('06-JUN-13','DD-MON-RR'),null,null);


ORC_AGGR_RULE_ELEM
------------------

Insert into ORC_AGGR_RULE_ELEM (ORC_AGGR_RULE_ID,ATTR_ID,AGGR_ELEM_TYP_ID,AGGR_ORD,ORC_AGGR_RULE_DESC,EFF_STS,EFF_DT,END_DT,CRTE_USER_ID,CRTE_DT,LST_UPD_USER_ID,LST_UPD_DT) values (2,27,1,1,'Product Type','A',to_date('01-JUL-13','DD-MON-RR'),to_date('01-JUL-14','DD-MON-RR'),null,to_date('01-JUL-13','DD-MON-RR'),null,to_date('01-JUL-13','DD-MON-RR'));
Insert into ORC_AGGR_RULE_ELEM (ORC_AGGR_RULE_ID,ATTR_ID,AGGR_ELEM_TYP_ID,AGGR_ORD,ORC_AGGR_RULE_DESC,EFF_STS,EFF_DT,END_DT,CRTE_USER_ID,CRTE_DT,LST_UPD_USER_ID,LST_UPD_DT) values (2,28,1,2,'Region ','A',to_date('01-JUL-13','DD-MON-RR'),to_date('01-JUL-14','DD-MON-RR'),null,to_date('01-JUL-13','DD-MON-RR'),null,to_date('01-JUL-13','DD-MON-RR'));
Insert into ORC_AGGR_RULE_ELEM (ORC_AGGR_RULE_ID,ATTR_ID,AGGR_ELEM_TYP_ID,AGGR_ORD,ORC_AGGR_RULE_DESC,EFF_STS,EFF_DT,END_DT,CRTE_USER_ID,CRTE_DT,LST_UPD_USER_ID,LST_UPD_DT) values (2,30,1,3,'Age','A',to_date('01-JUL-13','DD-MON-RR'),to_date('01-JUL-14','DD-MON-RR'),null,to_date('01-JUL-13','DD-MON-RR'),null,to_date('01-JUL-13','DD-MON-RR'));
Insert into ORC_AGGR_RULE_ELEM (ORC_AGGR_RULE_ID,ATTR_ID,AGGR_ELEM_TYP_ID,AGGR_ORD,ORC_AGGR_RULE_DESC,EFF_STS,EFF_DT,END_DT,CRTE_USER_ID,CRTE_DT,LST_UPD_USER_ID,LST_UPD_DT) values (2,31,1,4,'Delinquency Status','A',to_date('01-JUL-13','DD-MON-RR'),to_date('01-JUL-14','DD-MON-RR'),null,to_date('01-JUL-13','DD-MON-RR'),null,to_date('01-JUL-13','DD-MON-RR'));
Insert into ORC_AGGR_RULE_ELEM (ORC_AGGR_RULE_ID,ATTR_ID,AGGR_ELEM_TYP_ID,AGGR_ORD,ORC_AGGR_RULE_DESC,EFF_STS,EFF_DT,END_DT,CRTE_USER_ID,CRTE_DT,LST_UPD_USER_ID,LST_UPD_DT) values (2,32,1,5,'Fico Equivalent','A',to_date('01-JUL-13','DD-MON-RR'),to_date('01-JUL-14','DD-MON-RR'),null,to_date('01-JUL-13','DD-MON-RR'),null,to_date('01-JUL-13','DD-MON-RR'));
Insert into ORC_AGGR_RULE_ELEM (ORC_AGGR_RULE_ID,ATTR_ID,AGGR_ELEM_TYP_ID,AGGR_ORD,ORC_AGGR_RULE_DESC,EFF_STS,EFF_DT,END_DT,CRTE_USER_ID,CRTE_DT,LST_UPD_USER_ID,LST_UPD_DT) values (2,33,2,1,'Num of Accounts','A',to_date('01-JUL-13','DD-MON-RR'),to_date('01-JUL-14','DD-MON-RR'),null,to_date('01-JUL-13','DD-MON-RR'),null,to_date('01-JUL-13','DD-MON-RR'));
Insert into ORC_AGGR_RULE_ELEM (ORC_AGGR_RULE_ID,ATTR_ID,AGGR_ELEM_TYP_ID,AGGR_ORD,ORC_AGGR_RULE_DESC,EFF_STS,EFF_DT,END_DT,CRTE_USER_ID,CRTE_DT,LST_UPD_USER_ID,LST_UPD_DT) values (2,34,2,2,'Unpaid Principal Balance','A',to_date('01-JUL-13','DD-MON-RR'),to_date('01-JUL-14','DD-MON-RR'),null,to_date('01-JUL-13','DD-MON-RR'),null,to_date('01-JUL-13','DD-MON-RR'));
Insert into ORC_AGGR_RULE_ELEM (ORC_AGGR_RULE_ID,ATTR_ID,AGGR_ELEM_TYP_ID,AGGR_ORD,ORC_AGGR_RULE_DESC,EFF_STS,EFF_DT,END_DT,CRTE_USER_ID,CRTE_DT,LST_UPD_USER_ID,LST_UPD_DT) values (2,35,2,3,'Account ENR','A',to_date('01-JUL-13','DD-MON-RR'),to_date('01-JUL-14','DD-MON-RR'),null,to_date('01-JUL-13','DD-MON-RR'),null,to_date('01-JUL-13','DD-MON-RR'));
Insert into ORC_AGGR_RULE_ELEM (ORC_AGGR_RULE_ID,ATTR_ID,AGGR_ELEM_TYP_ID,AGGR_ORD,ORC_AGGR_RULE_DESC,EFF_STS,EFF_DT,END_DT,CRTE_USER_ID,CRTE_DT,LST_UPD_USER_ID,LST_UPD_DT) values (2,36,2,4,'Outstanding DPD Over30 Amount','A',to_date('01-JUL-13','DD-MON-RR'),to_date('01-JUL-14','DD-MON-RR'),null,to_date('01-JUL-13','DD-MON-RR'),null,to_date('01-JUL-13','DD-MON-RR'));
Insert into ORC_AGGR_RULE_ELEM (ORC_AGGR_RULE_ID,ATTR_ID,AGGR_ELEM_TYP_ID,AGGR_ORD,ORC_AGGR_RULE_DESC,EFF_STS,EFF_DT,END_DT,CRTE_USER_ID,CRTE_DT,LST_UPD_USER_ID,LST_UPD_DT) values (2,37,2,5,'Num Acct DPD Over30','A',to_date('01-JUL-13','DD-MON-RR'),to_date('01-JUL-14','DD-MON-RR'),null,to_date('01-JUL-13','DD-MON-RR'),null,to_date('01-JUL-13','DD-MON-RR'));
Insert into ORC_AGGR_RULE_ELEM (ORC_AGGR_RULE_ID,ATTR_ID,AGGR_ELEM_TYP_ID,AGGR_ORD,ORC_AGGR_RULE_DESC,EFF_STS,EFF_DT,END_DT,CRTE_USER_ID,CRTE_DT,LST_UPD_USER_ID,LST_UPD_DT) values (2,38,2,6,'Number of New Accounts','A',to_date('01-JUL-13','DD-MON-RR'),to_date('01-JUL-14','DD-MON-RR'),null,to_date('01-JUL-13','DD-MON-RR'),null,to_date('01-JUL-13','DD-MON-RR'));
Insert into ORC_AGGR_RULE_ELEM (ORC_AGGR_RULE_ID,ATTR_ID,AGGR_ELEM_TYP_ID,AGGR_ORD,ORC_AGGR_RULE_DESC,EFF_STS,EFF_DT,END_DT,CRTE_USER_ID,CRTE_DT,LST_UPD_USER_ID,LST_UPD_DT) values (2,40,2,7,'Commitment Amount','A',to_date('01-JUL-13','DD-MON-RR'),to_date('01-JUL-14','DD-MON-RR'),null,to_date('01-JUL-13','DD-MON-RR'),null,to_date('01-JUL-13','DD-MON-RR'));
Insert into ORC_AGGR_RULE_ELEM (ORC_AGGR_RULE_ID,ATTR_ID,AGGR_ELEM_TYP_ID,AGGR_ORD,ORC_AGGR_RULE_DESC,EFF_STS,EFF_DT,END_DT,CRTE_USER_ID,CRTE_DT,LST_UPD_USER_ID,LST_UPD_DT) values (2,41,2,8,'New Commitment Amount','A',to_date('01-JUL-13','DD-MON-RR'),to_date('01-JUL-14','DD-MON-RR'),null,to_date('01-JUL-13','DD-MON-RR'),null,to_date('01-JUL-13','DD-MON-RR'));
Insert into ORC_AGGR_RULE_ELEM (ORC_AGGR_RULE_ID,ATTR_ID,AGGR_ELEM_TYP_ID,AGGR_ORD,ORC_AGGR_RULE_DESC,EFF_STS,EFF_DT,END_DT,CRTE_USER_ID,CRTE_DT,LST_UPD_USER_ID,LST_UPD_DT) values (2,45,2,9,'Gross Contract Charge Off Amount','A',to_date('01-JUL-13','DD-MON-RR'),to_date('01-JUL-14','DD-MON-RR'),null,to_date('01-JUL-13','DD-MON-RR'),null,to_date('01-JUL-13','DD-MON-RR'));
Insert into ORC_AGGR_RULE_ELEM (ORC_AGGR_RULE_ID,ATTR_ID,AGGR_ELEM_TYP_ID,AGGR_ORD,ORC_AGGR_RULE_DESC,EFF_STS,EFF_DT,END_DT,CRTE_USER_ID,CRTE_DT,LST_UPD_USER_ID,LST_UPD_DT) values (2,46,2,10,'Bankruptcy Charge Off Amt','A',to_date('01-JUL-13','DD-MON-RR'),to_date('01-JUL-14','DD-MON-RR'),null,to_date('01-JUL-13','DD-MON-RR'),null,to_date('01-JUL-13','DD-MON-RR'));
Insert into ORC_AGGR_RULE_ELEM (ORC_AGGR_RULE_ID,ATTR_ID,AGGR_ELEM_TYP_ID,AGGR_ORD,ORC_AGGR_RULE_DESC,EFF_STS,EFF_DT,END_DT,CRTE_USER_ID,CRTE_DT,LST_UPD_USER_ID,LST_UPD_DT) values (2,47,2,11,'Recoveries Amount','A',to_date('01-JUL-13','DD-MON-RR'),to_date('01-JUL-14','DD-MON-RR'),null,to_date('01-JUL-13','DD-MON-RR'),null,to_date('01-JUL-13','DD-MON-RR'));
Insert into ORC_AGGR_RULE_ELEM (ORC_AGGR_RULE_ID,ATTR_ID,AGGR_ELEM_TYP_ID,AGGR_ORD,ORC_AGGR_RULE_DESC,EFF_STS,EFF_DT,END_DT,CRTE_USER_ID,CRTE_DT,LST_UPD_USER_ID,LST_UPD_DT) values (2,48,2,12,'Num of Accounts Charged Off','A',to_date('01-JUL-13','DD-MON-RR'),to_date('01-JUL-14','DD-MON-RR'),null,to_date('01-JUL-13','DD-MON-RR'),null,to_date('01-JUL-13','DD-MON-RR'));
Insert into ORC_AGGR_RULE_ELEM (ORC_AGGR_RULE_ID,ATTR_ID,AGGR_ELEM_TYP_ID,AGGR_ORD,ORC_AGGR_RULE_DESC,EFF_STS,EFF_DT,END_DT,CRTE_USER_ID,CRTE_DT,LST_UPD_USER_ID,LST_UPD_DT) values (2,49,2,13,'Net Charge Off Amount','A',to_date('01-JUL-13','DD-MON-RR'),to_date('01-JUL-14','DD-MON-RR'),null,to_date('01-JUL-13','DD-MON-RR'),null,to_date('01-JUL-13','DD-MON-RR'));
Insert into ORC_AGGR_RULE_ELEM (ORC_AGGR_RULE_ID,ATTR_ID,AGGR_ELEM_TYP_ID,AGGR_ORD,ORC_AGGR_RULE_DESC,EFF_STS,EFF_DT,END_DT,CRTE_USER_ID,CRTE_DT,LST_UPD_USER_ID,LST_UPD_DT) values (2,50,2,14,'Net Charge Off Recon Amount','A',to_date('01-JUL-13','DD-MON-RR'),to_date('01-JUL-14','DD-MON-RR'),null,to_date('01-JUL-13','DD-MON-RR'),null,to_date('01-JUL-13','DD-MON-RR'));
Insert into ORC_AGGR_RULE_ELEM (ORC_AGGR_RULE_ID,ATTR_ID,AGGR_ELEM_TYP_ID,AGGR_ORD,ORC_AGGR_RULE_DESC,EFF_STS,EFF_DT,END_DT,CRTE_USER_ID,CRTE_DT,LST_UPD_USER_ID,LST_UPD_DT) values (2,57,3,1,'Include Account Filter','A',to_date('02-JUL-13','DD-MON-RR'),to_date('02-JUL-14','DD-MON-RR'),null,to_date('02-JUL-13','DD-MON-RR'),null,to_date('02-JUL-13','DD-MON-RR'));
Insert into ORC_AGGR_RULE_ELEM (ORC_AGGR_RULE_ID,ATTR_ID,AGGR_ELEM_TYP_ID,AGGR_ORD,ORC_AGGR_RULE_DESC,EFF_STS,EFF_DT,END_DT,CRTE_USER_ID,CRTE_DT,LST_UPD_USER_ID,LST_UPD_DT) values (3,27,1,1,'Product Type','A',to_date('01-JUL-13','DD-MON-RR'),to_date('01-JUL-14','DD-MON-RR'),null,to_date('01-JUL-13','DD-MON-RR'),null,to_date('01-JUL-13','DD-MON-RR'));
Insert into ORC_AGGR_RULE_ELEM (ORC_AGGR_RULE_ID,ATTR_ID,AGGR_ELEM_TYP_ID,AGGR_ORD,ORC_AGGR_RULE_DESC,EFF_STS,EFF_DT,END_DT,CRTE_USER_ID,CRTE_DT,LST_UPD_USER_ID,LST_UPD_DT) values (3,28,1,2,'Region ','A',to_date('01-JUL-13','DD-MON-RR'),to_date('01-JUL-14','DD-MON-RR'),null,to_date('01-JUL-13','DD-MON-RR'),null,to_date('01-JUL-13','DD-MON-RR'));
Insert into ORC_AGGR_RULE_ELEM (ORC_AGGR_RULE_ID,ATTR_ID,AGGR_ELEM_TYP_ID,AGGR_ORD,ORC_AGGR_RULE_DESC,EFF_STS,EFF_DT,END_DT,CRTE_USER_ID,CRTE_DT,LST_UPD_USER_ID,LST_UPD_DT) values (3,29,1,3,'Original LTV ','A',to_date('01-JUL-13','DD-MON-RR'),to_date('01-JUL-14','DD-MON-RR'),null,to_date('01-JUL-13','DD-MON-RR'),null,to_date('01-JUL-13','DD-MON-RR'));
Insert into ORC_AGGR_RULE_ELEM (ORC_AGGR_RULE_ID,ATTR_ID,AGGR_ELEM_TYP_ID,AGGR_ORD,ORC_AGGR_RULE_DESC,EFF_STS,EFF_DT,END_DT,CRTE_USER_ID,CRTE_DT,LST_UPD_USER_ID,LST_UPD_DT) values (3,30,1,4,'Age','A',to_date('01-JUL-13','DD-MON-RR'),to_date('01-JUL-14','DD-MON-RR'),null,to_date('01-JUL-13','DD-MON-RR'),null,to_date('01-JUL-13','DD-MON-RR'));
Insert into ORC_AGGR_RULE_ELEM (ORC_AGGR_RULE_ID,ATTR_ID,AGGR_ELEM_TYP_ID,AGGR_ORD,ORC_AGGR_RULE_DESC,EFF_STS,EFF_DT,END_DT,CRTE_USER_ID,CRTE_DT,LST_UPD_USER_ID,LST_UPD_DT) values (3,31,1,5,'Delinquency Status','A',to_date('01-JUL-13','DD-MON-RR'),to_date('01-JUL-14','DD-MON-RR'),null,to_date('01-JUL-13','DD-MON-RR'),null,to_date('01-JUL-13','DD-MON-RR'));
Insert into ORC_AGGR_RULE_ELEM (ORC_AGGR_RULE_ID,ATTR_ID,AGGR_ELEM_TYP_ID,AGGR_ORD,ORC_AGGR_RULE_DESC,EFF_STS,EFF_DT,END_DT,CRTE_USER_ID,CRTE_DT,LST_UPD_USER_ID,LST_UPD_DT) values (3,32,1,6,'Fico Equivalent','A',to_date('01-JUL-13','DD-MON-RR'),to_date('01-JUL-14','DD-MON-RR'),null,to_date('01-JUL-13','DD-MON-RR'),null,to_date('01-JUL-13','DD-MON-RR'));
Insert into ORC_AGGR_RULE_ELEM (ORC_AGGR_RULE_ID,ATTR_ID,AGGR_ELEM_TYP_ID,AGGR_ORD,ORC_AGGR_RULE_DESC,EFF_STS,EFF_DT,END_DT,CRTE_USER_ID,CRTE_DT,LST_UPD_USER_ID,LST_UPD_DT) values (3,33,2,1,'Num of Accounts','A',to_date('01-JUL-13','DD-MON-RR'),to_date('01-JUL-14','DD-MON-RR'),null,to_date('01-JUL-13','DD-MON-RR'),null,to_date('01-JUL-13','DD-MON-RR'));
Insert into ORC_AGGR_RULE_ELEM (ORC_AGGR_RULE_ID,ATTR_ID,AGGR_ELEM_TYP_ID,AGGR_ORD,ORC_AGGR_RULE_DESC,EFF_STS,EFF_DT,END_DT,CRTE_USER_ID,CRTE_DT,LST_UPD_USER_ID,LST_UPD_DT) values (3,34,2,2,'Unpaid Principal Balance','A',to_date('01-JUL-13','DD-MON-RR'),to_date('01-JUL-14','DD-MON-RR'),null,to_date('01-JUL-13','DD-MON-RR'),null,to_date('01-JUL-13','DD-MON-RR'));
Insert into ORC_AGGR_RULE_ELEM (ORC_AGGR_RULE_ID,ATTR_ID,AGGR_ELEM_TYP_ID,AGGR_ORD,ORC_AGGR_RULE_DESC,EFF_STS,EFF_DT,END_DT,CRTE_USER_ID,CRTE_DT,LST_UPD_USER_ID,LST_UPD_DT) values (3,35,2,3,'Account ENR','A',to_date('01-JUL-13','DD-MON-RR'),to_date('01-JUL-14','DD-MON-RR'),null,to_date('01-JUL-13','DD-MON-RR'),null,to_date('01-JUL-13','DD-MON-RR'));
Insert into ORC_AGGR_RULE_ELEM (ORC_AGGR_RULE_ID,ATTR_ID,AGGR_ELEM_TYP_ID,AGGR_ORD,ORC_AGGR_RULE_DESC,EFF_STS,EFF_DT,END_DT,CRTE_USER_ID,CRTE_DT,LST_UPD_USER_ID,LST_UPD_DT) values (3,38,2,4,'Number of New Accounts','A',to_date('01-JUL-13','DD-MON-RR'),to_date('01-JUL-14','DD-MON-RR'),null,to_date('01-JUL-13','DD-MON-RR'),null,to_date('01-JUL-13','DD-MON-RR'));
Insert into ORC_AGGR_RULE_ELEM (ORC_AGGR_RULE_ID,ATTR_ID,AGGR_ELEM_TYP_ID,AGGR_ORD,ORC_AGGR_RULE_DESC,EFF_STS,EFF_DT,END_DT,CRTE_USER_ID,CRTE_DT,LST_UPD_USER_ID,LST_UPD_DT) values (3,45,2,5,'Gross Contract Charge Off Amount','A',to_date('01-JUL-13','DD-MON-RR'),to_date('01-JUL-14','DD-MON-RR'),null,to_date('01-JUL-13','DD-MON-RR'),null,to_date('01-JUL-13','DD-MON-RR'));
Insert into ORC_AGGR_RULE_ELEM (ORC_AGGR_RULE_ID,ATTR_ID,AGGR_ELEM_TYP_ID,AGGR_ORD,ORC_AGGR_RULE_DESC,EFF_STS,EFF_DT,END_DT,CRTE_USER_ID,CRTE_DT,LST_UPD_USER_ID,LST_UPD_DT) values (3,46,2,6,'Bankruptcy Charge Off Amt','A',to_date('01-JUL-13','DD-MON-RR'),to_date('01-JUL-14','DD-MON-RR'),null,to_date('01-JUL-13','DD-MON-RR'),null,to_date('01-JUL-13','DD-MON-RR'));
Insert into ORC_AGGR_RULE_ELEM (ORC_AGGR_RULE_ID,ATTR_ID,AGGR_ELEM_TYP_ID,AGGR_ORD,ORC_AGGR_RULE_DESC,EFF_STS,EFF_DT,END_DT,CRTE_USER_ID,CRTE_DT,LST_UPD_USER_ID,LST_UPD_DT) values (3,47,2,7,'Recoveries Amount','A',to_date('01-JUL-13','DD-MON-RR'),to_date('01-JUL-14','DD-MON-RR'),null,to_date('01-JUL-13','DD-MON-RR'),null,to_date('01-JUL-13','DD-MON-RR'));
Insert into ORC_AGGR_RULE_ELEM (ORC_AGGR_RULE_ID,ATTR_ID,AGGR_ELEM_TYP_ID,AGGR_ORD,ORC_AGGR_RULE_DESC,EFF_STS,EFF_DT,END_DT,CRTE_USER_ID,CRTE_DT,LST_UPD_USER_ID,LST_UPD_DT) values (3,48,2,8,'Num of Accounts Charged Off','A',to_date('01-JUL-13','DD-MON-RR'),to_date('01-JUL-14','DD-MON-RR'),null,to_date('01-JUL-13','DD-MON-RR'),null,to_date('01-JUL-13','DD-MON-RR'));
Insert into ORC_AGGR_RULE_ELEM (ORC_AGGR_RULE_ID,ATTR_ID,AGGR_ELEM_TYP_ID,AGGR_ORD,ORC_AGGR_RULE_DESC,EFF_STS,EFF_DT,END_DT,CRTE_USER_ID,CRTE_DT,LST_UPD_USER_ID,LST_UPD_DT) values (3,49,2,9,'Net Charge Off Amount','A',to_date('01-JUL-13','DD-MON-RR'),to_date('01-JUL-14','DD-MON-RR'),null,to_date('01-JUL-13','DD-MON-RR'),null,to_date('01-JUL-13','DD-MON-RR'));
Insert into ORC_AGGR_RULE_ELEM (ORC_AGGR_RULE_ID,ATTR_ID,AGGR_ELEM_TYP_ID,AGGR_ORD,ORC_AGGR_RULE_DESC,EFF_STS,EFF_DT,END_DT,CRTE_USER_ID,CRTE_DT,LST_UPD_USER_ID,LST_UPD_DT) values (3,50,2,10,'Net Charge Off Recon Amount','A',to_date('01-JUL-13','DD-MON-RR'),to_date('01-JUL-14','DD-MON-RR'),null,to_date('01-JUL-13','DD-MON-RR'),null,to_date('01-JUL-13','DD-MON-RR'));
Insert into ORC_AGGR_RULE_ELEM (ORC_AGGR_RULE_ID,ATTR_ID,AGGR_ELEM_TYP_ID,AGGR_ORD,ORC_AGGR_RULE_DESC,EFF_STS,EFF_DT,END_DT,CRTE_USER_ID,CRTE_DT,LST_UPD_USER_ID,LST_UPD_DT) values (3,57,3,1,'Include Account Filter','A',to_date('02-JUL-13','DD-MON-RR'),to_date('02-JUL-14','DD-MON-RR'),null,to_date('02-JUL-13','DD-MON-RR'),null,to_date('02-JUL-13','DD-MON-RR'));
Insert into ORC_AGGR_RULE_ELEM (ORC_AGGR_RULE_ID,ATTR_ID,AGGR_ELEM_TYP_ID,AGGR_ORD,ORC_AGGR_RULE_DESC,EFF_STS,EFF_DT,END_DT,CRTE_USER_ID,CRTE_DT,LST_UPD_USER_ID,LST_UPD_DT) values (4,27,1,1,'Product Type','A',to_date('01-JUL-13','DD-MON-RR'),to_date('01-JUL-14','DD-MON-RR'),null,to_date('01-JUL-13','DD-MON-RR'),null,to_date('01-JUL-13','DD-MON-RR'));
Insert into ORC_AGGR_RULE_ELEM (ORC_AGGR_RULE_ID,ATTR_ID,AGGR_ELEM_TYP_ID,AGGR_ORD,ORC_AGGR_RULE_DESC,EFF_STS,EFF_DT,END_DT,CRTE_USER_ID,CRTE_DT,LST_UPD_USER_ID,LST_UPD_DT) values (4,28,1,2,'Region ','A',to_date('01-JUL-13','DD-MON-RR'),to_date('01-JUL-14','DD-MON-RR'),null,to_date('01-JUL-13','DD-MON-RR'),null,to_date('01-JUL-13','DD-MON-RR'));
Insert into ORC_AGGR_RULE_ELEM (ORC_AGGR_RULE_ID,ATTR_ID,AGGR_ELEM_TYP_ID,AGGR_ORD,ORC_AGGR_RULE_DESC,EFF_STS,EFF_DT,END_DT,CRTE_USER_ID,CRTE_DT,LST_UPD_USER_ID,LST_UPD_DT) values (4,29,1,3,'Original LTV ','A',to_date('01-JUL-13','DD-MON-RR'),to_date('01-JUL-14','DD-MON-RR'),null,to_date('01-JUL-13','DD-MON-RR'),null,to_date('01-JUL-13','DD-MON-RR'));
Insert into ORC_AGGR_RULE_ELEM (ORC_AGGR_RULE_ID,ATTR_ID,AGGR_ELEM_TYP_ID,AGGR_ORD,ORC_AGGR_RULE_DESC,EFF_STS,EFF_DT,END_DT,CRTE_USER_ID,CRTE_DT,LST_UPD_USER_ID,LST_UPD_DT) values (4,30,1,4,'Age','A',to_date('01-JUL-13','DD-MON-RR'),to_date('01-JUL-14','DD-MON-RR'),null,to_date('01-JUL-13','DD-MON-RR'),null,to_date('01-JUL-13','DD-MON-RR'));
Insert into ORC_AGGR_RULE_ELEM (ORC_AGGR_RULE_ID,ATTR_ID,AGGR_ELEM_TYP_ID,AGGR_ORD,ORC_AGGR_RULE_DESC,EFF_STS,EFF_DT,END_DT,CRTE_USER_ID,CRTE_DT,LST_UPD_USER_ID,LST_UPD_DT) values (4,31,1,5,'Delinquency Status','A',to_date('01-JUL-13','DD-MON-RR'),to_date('01-JUL-14','DD-MON-RR'),null,to_date('01-JUL-13','DD-MON-RR'),null,to_date('01-JUL-13','DD-MON-RR'));
Insert into ORC_AGGR_RULE_ELEM (ORC_AGGR_RULE_ID,ATTR_ID,AGGR_ELEM_TYP_ID,AGGR_ORD,ORC_AGGR_RULE_DESC,EFF_STS,EFF_DT,END_DT,CRTE_USER_ID,CRTE_DT,LST_UPD_USER_ID,LST_UPD_DT) values (4,32,1,6,'Fico Equivalent','A',to_date('01-JUL-13','DD-MON-RR'),to_date('01-JUL-14','DD-MON-RR'),null,to_date('01-JUL-13','DD-MON-RR'),null,to_date('01-JUL-13','DD-MON-RR'));
Insert into ORC_AGGR_RULE_ELEM (ORC_AGGR_RULE_ID,ATTR_ID,AGGR_ELEM_TYP_ID,AGGR_ORD,ORC_AGGR_RULE_DESC,EFF_STS,EFF_DT,END_DT,CRTE_USER_ID,CRTE_DT,LST_UPD_USER_ID,LST_UPD_DT) values (4,33,2,1,'Num of Accounts','A',to_date('01-JUL-13','DD-MON-RR'),to_date('01-JUL-14','DD-MON-RR'),null,to_date('01-JUL-13','DD-MON-RR'),null,to_date('01-JUL-13','DD-MON-RR'));
Insert into ORC_AGGR_RULE_ELEM (ORC_AGGR_RULE_ID,ATTR_ID,AGGR_ELEM_TYP_ID,AGGR_ORD,ORC_AGGR_RULE_DESC,EFF_STS,EFF_DT,END_DT,CRTE_USER_ID,CRTE_DT,LST_UPD_USER_ID,LST_UPD_DT) values (4,34,2,2,'Unpaid Principal Balance','A',to_date('01-JUL-13','DD-MON-RR'),to_date('01-JUL-14','DD-MON-RR'),null,to_date('01-JUL-13','DD-MON-RR'),null,to_date('01-JUL-13','DD-MON-RR'));
Insert into ORC_AGGR_RULE_ELEM (ORC_AGGR_RULE_ID,ATTR_ID,AGGR_ELEM_TYP_ID,AGGR_ORD,ORC_AGGR_RULE_DESC,EFF_STS,EFF_DT,END_DT,CRTE_USER_ID,CRTE_DT,LST_UPD_USER_ID,LST_UPD_DT) values (4,35,2,3,'Account ENR','A',to_date('01-JUL-13','DD-MON-RR'),to_date('01-JUL-14','DD-MON-RR'),null,to_date('01-JUL-13','DD-MON-RR'),null,to_date('01-JUL-13','DD-MON-RR'));
Insert into ORC_AGGR_RULE_ELEM (ORC_AGGR_RULE_ID,ATTR_ID,AGGR_ELEM_TYP_ID,AGGR_ORD,ORC_AGGR_RULE_DESC,EFF_STS,EFF_DT,END_DT,CRTE_USER_ID,CRTE_DT,LST_UPD_USER_ID,LST_UPD_DT) values (4,38,2,4,'Number of New Accounts','A',to_date('01-JUL-13','DD-MON-RR'),to_date('01-JUL-14','DD-MON-RR'),null,to_date('01-JUL-13','DD-MON-RR'),null,to_date('01-JUL-13','DD-MON-RR'));
Insert into ORC_AGGR_RULE_ELEM (ORC_AGGR_RULE_ID,ATTR_ID,AGGR_ELEM_TYP_ID,AGGR_ORD,ORC_AGGR_RULE_DESC,EFF_STS,EFF_DT,END_DT,CRTE_USER_ID,CRTE_DT,LST_UPD_USER_ID,LST_UPD_DT) values (4,39,2,5,' New Accounts Amount','A',to_date('01-JUL-13','DD-MON-RR'),to_date('01-JUL-14','DD-MON-RR'),null,to_date('01-JUL-13','DD-MON-RR'),null,to_date('01-JUL-13','DD-MON-RR'));
Insert into ORC_AGGR_RULE_ELEM (ORC_AGGR_RULE_ID,ATTR_ID,AGGR_ELEM_TYP_ID,AGGR_ORD,ORC_AGGR_RULE_DESC,EFF_STS,EFF_DT,END_DT,CRTE_USER_ID,CRTE_DT,LST_UPD_USER_ID,LST_UPD_DT) values (4,40,2,6,'Commitment Amount','A',to_date('01-JUL-13','DD-MON-RR'),to_date('01-JUL-14','DD-MON-RR'),null,to_date('01-JUL-13','DD-MON-RR'),null,to_date('01-JUL-13','DD-MON-RR'));
Insert into ORC_AGGR_RULE_ELEM (ORC_AGGR_RULE_ID,ATTR_ID,AGGR_ELEM_TYP_ID,AGGR_ORD,ORC_AGGR_RULE_DESC,EFF_STS,EFF_DT,END_DT,CRTE_USER_ID,CRTE_DT,LST_UPD_USER_ID,LST_UPD_DT) values (4,41,2,7,'New Commitment Amount','A',to_date('01-JUL-13','DD-MON-RR'),to_date('01-JUL-14','DD-MON-RR'),null,to_date('01-JUL-13','DD-MON-RR'),null,to_date('01-JUL-13','DD-MON-RR'));
Insert into ORC_AGGR_RULE_ELEM (ORC_AGGR_RULE_ID,ATTR_ID,AGGR_ELEM_TYP_ID,AGGR_ORD,ORC_AGGR_RULE_DESC,EFF_STS,EFF_DT,END_DT,CRTE_USER_ID,CRTE_DT,LST_UPD_USER_ID,LST_UPD_DT) values (4,42,2,8,'New Commitment increase HELOC Amount','A',to_date('01-JUL-13','DD-MON-RR'),to_date('01-JUL-14','DD-MON-RR'),null,to_date('01-JUL-13','DD-MON-RR'),null,to_date('01-JUL-13','DD-MON-RR'));
Insert into ORC_AGGR_RULE_ELEM (ORC_AGGR_RULE_ID,ATTR_ID,AGGR_ELEM_TYP_ID,AGGR_ORD,ORC_AGGR_RULE_DESC,EFF_STS,EFF_DT,END_DT,CRTE_USER_ID,CRTE_DT,LST_UPD_USER_ID,LST_UPD_DT) values (4,43,2,9,'New Commitment deccrease HELOC Amount','A',to_date('01-JUL-13','DD-MON-RR'),to_date('01-JUL-14','DD-MON-RR'),null,to_date('01-JUL-13','DD-MON-RR'),null,to_date('01-JUL-13','DD-MON-RR'));
Insert into ORC_AGGR_RULE_ELEM (ORC_AGGR_RULE_ID,ATTR_ID,AGGR_ELEM_TYP_ID,AGGR_ORD,ORC_AGGR_RULE_DESC,EFF_STS,EFF_DT,END_DT,CRTE_USER_ID,CRTE_DT,LST_UPD_USER_ID,LST_UPD_DT) values (4,45,2,10,'Gross Contract Charge Off Amount','A',to_date('01-JUL-13','DD-MON-RR'),to_date('01-JUL-14','DD-MON-RR'),null,to_date('01-JUL-13','DD-MON-RR'),null,to_date('01-JUL-13','DD-MON-RR'));
Insert into ORC_AGGR_RULE_ELEM (ORC_AGGR_RULE_ID,ATTR_ID,AGGR_ELEM_TYP_ID,AGGR_ORD,ORC_AGGR_RULE_DESC,EFF_STS,EFF_DT,END_DT,CRTE_USER_ID,CRTE_DT,LST_UPD_USER_ID,LST_UPD_DT) values (4,46,2,11,'Bankruptcy Charge Off Amt','A',to_date('01-JUL-13','DD-MON-RR'),to_date('01-JUL-14','DD-MON-RR'),null,to_date('01-JUL-13','DD-MON-RR'),null,to_date('01-JUL-13','DD-MON-RR'));
Insert into ORC_AGGR_RULE_ELEM (ORC_AGGR_RULE_ID,ATTR_ID,AGGR_ELEM_TYP_ID,AGGR_ORD,ORC_AGGR_RULE_DESC,EFF_STS,EFF_DT,END_DT,CRTE_USER_ID,CRTE_DT,LST_UPD_USER_ID,LST_UPD_DT) values (4,47,2,12,'Recoveries Amount','A',to_date('01-JUL-13','DD-MON-RR'),to_date('01-JUL-14','DD-MON-RR'),null,to_date('01-JUL-13','DD-MON-RR'),null,to_date('01-JUL-13','DD-MON-RR'));
Insert into ORC_AGGR_RULE_ELEM (ORC_AGGR_RULE_ID,ATTR_ID,AGGR_ELEM_TYP_ID,AGGR_ORD,ORC_AGGR_RULE_DESC,EFF_STS,EFF_DT,END_DT,CRTE_USER_ID,CRTE_DT,LST_UPD_USER_ID,LST_UPD_DT) values (4,48,2,13,'Num of Accounts Charged Off','A',to_date('01-JUL-13','DD-MON-RR'),to_date('01-JUL-14','DD-MON-RR'),null,to_date('01-JUL-13','DD-MON-RR'),null,to_date('01-JUL-13','DD-MON-RR'));
Insert into ORC_AGGR_RULE_ELEM (ORC_AGGR_RULE_ID,ATTR_ID,AGGR_ELEM_TYP_ID,AGGR_ORD,ORC_AGGR_RULE_DESC,EFF_STS,EFF_DT,END_DT,CRTE_USER_ID,CRTE_DT,LST_UPD_USER_ID,LST_UPD_DT) values (4,49,2,14,'Net Charge Off Amount','A',to_date('01-JUL-13','DD-MON-RR'),to_date('01-JUL-14','DD-MON-RR'),null,to_date('01-JUL-13','DD-MON-RR'),null,to_date('01-JUL-13','DD-MON-RR'));
Insert into ORC_AGGR_RULE_ELEM (ORC_AGGR_RULE_ID,ATTR_ID,AGGR_ELEM_TYP_ID,AGGR_ORD,ORC_AGGR_RULE_DESC,EFF_STS,EFF_DT,END_DT,CRTE_USER_ID,CRTE_DT,LST_UPD_USER_ID,LST_UPD_DT) values (4,50,2,15,'Net Charge Off Recon Amount','A',to_date('01-JUL-13','DD-MON-RR'),to_date('01-JUL-14','DD-MON-RR'),null,to_date('01-JUL-13','DD-MON-RR'),null,to_date('01-JUL-13','DD-MON-RR'));
Insert into ORC_AGGR_RULE_ELEM (ORC_AGGR_RULE_ID,ATTR_ID,AGGR_ELEM_TYP_ID,AGGR_ORD,ORC_AGGR_RULE_DESC,EFF_STS,EFF_DT,END_DT,CRTE_USER_ID,CRTE_DT,LST_UPD_USER_ID,LST_UPD_DT) values (4,51,2,16,'Foreclosure Amount','A',to_date('01-JUL-13','DD-MON-RR'),to_date('01-JUL-14','DD-MON-RR'),null,to_date('01-JUL-13','DD-MON-RR'),null,to_date('01-JUL-13','DD-MON-RR'));
Insert into ORC_AGGR_RULE_ELEM (ORC_AGGR_RULE_ID,ATTR_ID,AGGR_ELEM_TYP_ID,AGGR_ORD,ORC_AGGR_RULE_DESC,EFF_STS,EFF_DT,END_DT,CRTE_USER_ID,CRTE_DT,LST_UPD_USER_ID,LST_UPD_DT) values (4,52,2,17,'New Foreclosure amount','A',to_date('01-JUL-13','DD-MON-RR'),to_date('01-JUL-14','DD-MON-RR'),null,to_date('01-JUL-13','DD-MON-RR'),null,to_date('01-JUL-13','DD-MON-RR'));
Insert into ORC_AGGR_RULE_ELEM (ORC_AGGR_RULE_ID,ATTR_ID,AGGR_ELEM_TYP_ID,AGGR_ORD,ORC_AGGR_RULE_DESC,EFF_STS,EFF_DT,END_DT,CRTE_USER_ID,CRTE_DT,LST_UPD_USER_ID,LST_UPD_DT) values (4,53,2,18,'REO amount','A',to_date('01-JUL-13','DD-MON-RR'),to_date('01-JUL-14','DD-MON-RR'),null,to_date('01-JUL-13','DD-MON-RR'),null,to_date('01-JUL-13','DD-MON-RR'));
Insert into ORC_AGGR_RULE_ELEM (ORC_AGGR_RULE_ID,ATTR_ID,AGGR_ELEM_TYP_ID,AGGR_ORD,ORC_AGGR_RULE_DESC,EFF_STS,EFF_DT,END_DT,CRTE_USER_ID,CRTE_DT,LST_UPD_USER_ID,LST_UPD_DT) values (4,54,2,19,'New REO  amount','A',to_date('01-JUL-13','DD-MON-RR'),to_date('01-JUL-14','DD-MON-RR'),null,to_date('01-JUL-13','DD-MON-RR'),null,to_date('01-JUL-13','DD-MON-RR'));
Insert into ORC_AGGR_RULE_ELEM (ORC_AGGR_RULE_ID,ATTR_ID,AGGR_ELEM_TYP_ID,AGGR_ORD,ORC_AGGR_RULE_DESC,EFF_STS,EFF_DT,END_DT,CRTE_USER_ID,CRTE_DT,LST_UPD_USER_ID,LST_UPD_DT) values (4,57,3,1,'Include Account Filter','A',to_date('02-JUL-13','DD-MON-RR'),to_date('02-JUL-14','DD-MON-RR'),null,to_date('02-JUL-13','DD-MON-RR'),null,to_date('02-JUL-13','DD-MON-RR'));
Insert into ORC_AGGR_RULE_ELEM (ORC_AGGR_RULE_ID,ATTR_ID,AGGR_ELEM_TYP_ID,AGGR_ORD,ORC_AGGR_RULE_DESC,EFF_STS,EFF_DT,END_DT,CRTE_USER_ID,CRTE_DT,LST_UPD_USER_ID,LST_UPD_DT) values (5,27,1,1,'Product Type','A',to_date('01-JUL-13','DD-MON-RR'),to_date('01-JUL-14','DD-MON-RR'),null,to_date('01-JUL-13','DD-MON-RR'),null,to_date('01-JUL-13','DD-MON-RR'));
Insert into ORC_AGGR_RULE_ELEM (ORC_AGGR_RULE_ID,ATTR_ID,AGGR_ELEM_TYP_ID,AGGR_ORD,ORC_AGGR_RULE_DESC,EFF_STS,EFF_DT,END_DT,CRTE_USER_ID,CRTE_DT,LST_UPD_USER_ID,LST_UPD_DT) values (5,28,1,2,'Region ','A',to_date('01-JUL-13','DD-MON-RR'),to_date('01-JUL-14','DD-MON-RR'),null,to_date('01-JUL-13','DD-MON-RR'),null,to_date('01-JUL-13','DD-MON-RR'));
Insert into ORC_AGGR_RULE_ELEM (ORC_AGGR_RULE_ID,ATTR_ID,AGGR_ELEM_TYP_ID,AGGR_ORD,ORC_AGGR_RULE_DESC,EFF_STS,EFF_DT,END_DT,CRTE_USER_ID,CRTE_DT,LST_UPD_USER_ID,LST_UPD_DT) values (5,30,1,3,'Age','A',to_date('01-JUL-13','DD-MON-RR'),to_date('01-JUL-14','DD-MON-RR'),null,to_date('01-JUL-13','DD-MON-RR'),null,to_date('01-JUL-13','DD-MON-RR'));
Insert into ORC_AGGR_RULE_ELEM (ORC_AGGR_RULE_ID,ATTR_ID,AGGR_ELEM_TYP_ID,AGGR_ORD,ORC_AGGR_RULE_DESC,EFF_STS,EFF_DT,END_DT,CRTE_USER_ID,CRTE_DT,LST_UPD_USER_ID,LST_UPD_DT) values (5,31,1,4,'Delinquency Status','A',to_date('01-JUL-13','DD-MON-RR'),to_date('01-JUL-14','DD-MON-RR'),null,to_date('01-JUL-13','DD-MON-RR'),null,to_date('01-JUL-13','DD-MON-RR'));
Insert into ORC_AGGR_RULE_ELEM (ORC_AGGR_RULE_ID,ATTR_ID,AGGR_ELEM_TYP_ID,AGGR_ORD,ORC_AGGR_RULE_DESC,EFF_STS,EFF_DT,END_DT,CRTE_USER_ID,CRTE_DT,LST_UPD_USER_ID,LST_UPD_DT) values (5,32,1,5,'Fico Equivalent','A',to_date('01-JUL-13','DD-MON-RR'),to_date('01-JUL-14','DD-MON-RR'),null,to_date('01-JUL-13','DD-MON-RR'),null,to_date('01-JUL-13','DD-MON-RR'));
Insert into ORC_AGGR_RULE_ELEM (ORC_AGGR_RULE_ID,ATTR_ID,AGGR_ELEM_TYP_ID,AGGR_ORD,ORC_AGGR_RULE_DESC,EFF_STS,EFF_DT,END_DT,CRTE_USER_ID,CRTE_DT,LST_UPD_USER_ID,LST_UPD_DT) values (5,33,2,1,'Num of Accounts','A',to_date('01-JUL-13','DD-MON-RR'),to_date('01-JUL-14','DD-MON-RR'),null,to_date('01-JUL-13','DD-MON-RR'),null,to_date('01-JUL-13','DD-MON-RR'));
Insert into ORC_AGGR_RULE_ELEM (ORC_AGGR_RULE_ID,ATTR_ID,AGGR_ELEM_TYP_ID,AGGR_ORD,ORC_AGGR_RULE_DESC,EFF_STS,EFF_DT,END_DT,CRTE_USER_ID,CRTE_DT,LST_UPD_USER_ID,LST_UPD_DT) values (5,34,2,2,'Unpaid Principal Balance','A',to_date('01-JUL-13','DD-MON-RR'),to_date('01-JUL-14','DD-MON-RR'),null,to_date('01-JUL-13','DD-MON-RR'),null,to_date('01-JUL-13','DD-MON-RR'));
Insert into ORC_AGGR_RULE_ELEM (ORC_AGGR_RULE_ID,ATTR_ID,AGGR_ELEM_TYP_ID,AGGR_ORD,ORC_AGGR_RULE_DESC,EFF_STS,EFF_DT,END_DT,CRTE_USER_ID,CRTE_DT,LST_UPD_USER_ID,LST_UPD_DT) values (5,35,2,3,'Account ENR','A',to_date('01-JUL-13','DD-MON-RR'),to_date('01-JUL-14','DD-MON-RR'),null,to_date('01-JUL-13','DD-MON-RR'),null,to_date('01-JUL-13','DD-MON-RR'));
Insert into ORC_AGGR_RULE_ELEM (ORC_AGGR_RULE_ID,ATTR_ID,AGGR_ELEM_TYP_ID,AGGR_ORD,ORC_AGGR_RULE_DESC,EFF_STS,EFF_DT,END_DT,CRTE_USER_ID,CRTE_DT,LST_UPD_USER_ID,LST_UPD_DT) values (5,38,2,4,'Number of New Accounts','A',to_date('01-JUL-13','DD-MON-RR'),to_date('01-JUL-14','DD-MON-RR'),null,to_date('01-JUL-13','DD-MON-RR'),null,to_date('01-JUL-13','DD-MON-RR'));
Insert into ORC_AGGR_RULE_ELEM (ORC_AGGR_RULE_ID,ATTR_ID,AGGR_ELEM_TYP_ID,AGGR_ORD,ORC_AGGR_RULE_DESC,EFF_STS,EFF_DT,END_DT,CRTE_USER_ID,CRTE_DT,LST_UPD_USER_ID,LST_UPD_DT) values (5,40,2,5,'Commitment Amount','A',to_date('01-JUL-13','DD-MON-RR'),to_date('01-JUL-14','DD-MON-RR'),null,to_date('01-JUL-13','DD-MON-RR'),null,to_date('01-JUL-13','DD-MON-RR'));
Insert into ORC_AGGR_RULE_ELEM (ORC_AGGR_RULE_ID,ATTR_ID,AGGR_ELEM_TYP_ID,AGGR_ORD,ORC_AGGR_RULE_DESC,EFF_STS,EFF_DT,END_DT,CRTE_USER_ID,CRTE_DT,LST_UPD_USER_ID,LST_UPD_DT) values (5,44,2,6,'Modification Amount','A',to_date('01-JUL-13','DD-MON-RR'),to_date('01-JUL-14','DD-MON-RR'),null,to_date('01-JUL-13','DD-MON-RR'),null,to_date('01-JUL-13','DD-MON-RR'));
Insert into ORC_AGGR_RULE_ELEM (ORC_AGGR_RULE_ID,ATTR_ID,AGGR_ELEM_TYP_ID,AGGR_ORD,ORC_AGGR_RULE_DESC,EFF_STS,EFF_DT,END_DT,CRTE_USER_ID,CRTE_DT,LST_UPD_USER_ID,LST_UPD_DT) values (5,45,2,7,'Gross Contract Charge Off Amount','A',to_date('01-JUL-13','DD-MON-RR'),to_date('01-JUL-14','DD-MON-RR'),null,to_date('01-JUL-13','DD-MON-RR'),null,to_date('01-JUL-13','DD-MON-RR'));
Insert into ORC_AGGR_RULE_ELEM (ORC_AGGR_RULE_ID,ATTR_ID,AGGR_ELEM_TYP_ID,AGGR_ORD,ORC_AGGR_RULE_DESC,EFF_STS,EFF_DT,END_DT,CRTE_USER_ID,CRTE_DT,LST_UPD_USER_ID,LST_UPD_DT) values (5,46,2,8,'Bankruptcy Charge Off Amt','A',to_date('01-JUL-13','DD-MON-RR'),to_date('01-JUL-14','DD-MON-RR'),null,to_date('01-JUL-13','DD-MON-RR'),null,to_date('01-JUL-13','DD-MON-RR'));
Insert into ORC_AGGR_RULE_ELEM (ORC_AGGR_RULE_ID,ATTR_ID,AGGR_ELEM_TYP_ID,AGGR_ORD,ORC_AGGR_RULE_DESC,EFF_STS,EFF_DT,END_DT,CRTE_USER_ID,CRTE_DT,LST_UPD_USER_ID,LST_UPD_DT) values (5,47,2,9,'Recoveries Amount','A',to_date('01-JUL-13','DD-MON-RR'),to_date('01-JUL-14','DD-MON-RR'),null,to_date('01-JUL-13','DD-MON-RR'),null,to_date('01-JUL-13','DD-MON-RR'));
Insert into ORC_AGGR_RULE_ELEM (ORC_AGGR_RULE_ID,ATTR_ID,AGGR_ELEM_TYP_ID,AGGR_ORD,ORC_AGGR_RULE_DESC,EFF_STS,EFF_DT,END_DT,CRTE_USER_ID,CRTE_DT,LST_UPD_USER_ID,LST_UPD_DT) values (5,48,2,10,'Num of Accounts Charged Off','A',to_date('01-JUL-13','DD-MON-RR'),to_date('01-JUL-14','DD-MON-RR'),null,to_date('01-JUL-13','DD-MON-RR'),null,to_date('01-JUL-13','DD-MON-RR'));
Insert into ORC_AGGR_RULE_ELEM (ORC_AGGR_RULE_ID,ATTR_ID,AGGR_ELEM_TYP_ID,AGGR_ORD,ORC_AGGR_RULE_DESC,EFF_STS,EFF_DT,END_DT,CRTE_USER_ID,CRTE_DT,LST_UPD_USER_ID,LST_UPD_DT) values (5,49,2,11,'Net Charge Off Amount','A',to_date('01-JUL-13','DD-MON-RR'),to_date('01-JUL-14','DD-MON-RR'),null,to_date('01-JUL-13','DD-MON-RR'),null,to_date('01-JUL-13','DD-MON-RR'));
Insert into ORC_AGGR_RULE_ELEM (ORC_AGGR_RULE_ID,ATTR_ID,AGGR_ELEM_TYP_ID,AGGR_ORD,ORC_AGGR_RULE_DESC,EFF_STS,EFF_DT,END_DT,CRTE_USER_ID,CRTE_DT,LST_UPD_USER_ID,LST_UPD_DT) values (5,50,2,12,'Net Charge Off Recon Amount','A',to_date('01-JUL-13','DD-MON-RR'),to_date('01-JUL-14','DD-MON-RR'),null,to_date('01-JUL-13','DD-MON-RR'),null,to_date('01-JUL-13','DD-MON-RR'));
Insert into ORC_AGGR_RULE_ELEM (ORC_AGGR_RULE_ID,ATTR_ID,AGGR_ELEM_TYP_ID,AGGR_ORD,ORC_AGGR_RULE_DESC,EFF_STS,EFF_DT,END_DT,CRTE_USER_ID,CRTE_DT,LST_UPD_USER_ID,LST_UPD_DT) values (5,57,3,1,'Include Account Filter','A',to_date('02-JUL-13','DD-MON-RR'),to_date('02-JUL-14','DD-MON-RR'),null,to_date('02-JUL-13','DD-MON-RR'),null,to_date('02-JUL-13','DD-MON-RR'));
Insert into ORC_AGGR_RULE_ELEM (ORC_AGGR_RULE_ID,ATTR_ID,AGGR_ELEM_TYP_ID,AGGR_ORD,ORC_AGGR_RULE_DESC,EFF_STS,EFF_DT,END_DT,CRTE_USER_ID,CRTE_DT,LST_UPD_USER_ID,LST_UPD_DT) values (6,27,1,1,'Product Type','A',to_date('01-JUL-13','DD-MON-RR'),to_date('01-JUL-14','DD-MON-RR'),null,to_date('01-JUL-13','DD-MON-RR'),null,to_date('01-JUL-13','DD-MON-RR'));
Insert into ORC_AGGR_RULE_ELEM (ORC_AGGR_RULE_ID,ATTR_ID,AGGR_ELEM_TYP_ID,AGGR_ORD,ORC_AGGR_RULE_DESC,EFF_STS,EFF_DT,END_DT,CRTE_USER_ID,CRTE_DT,LST_UPD_USER_ID,LST_UPD_DT) values (6,30,1,2,'Age','A',to_date('01-JUL-13','DD-MON-RR'),to_date('01-JUL-14','DD-MON-RR'),null,to_date('01-JUL-13','DD-MON-RR'),null,to_date('01-JUL-13','DD-MON-RR'));
Insert into ORC_AGGR_RULE_ELEM (ORC_AGGR_RULE_ID,ATTR_ID,AGGR_ELEM_TYP_ID,AGGR_ORD,ORC_AGGR_RULE_DESC,EFF_STS,EFF_DT,END_DT,CRTE_USER_ID,CRTE_DT,LST_UPD_USER_ID,LST_UPD_DT) values (6,31,1,3,'Delinquency Status','A',to_date('01-JUL-13','DD-MON-RR'),to_date('01-JUL-14','DD-MON-RR'),null,to_date('01-JUL-13','DD-MON-RR'),null,to_date('01-JUL-13','DD-MON-RR'));
Insert into ORC_AGGR_RULE_ELEM (ORC_AGGR_RULE_ID,ATTR_ID,AGGR_ELEM_TYP_ID,AGGR_ORD,ORC_AGGR_RULE_DESC,EFF_STS,EFF_DT,END_DT,CRTE_USER_ID,CRTE_DT,LST_UPD_USER_ID,LST_UPD_DT) values (6,32,1,4,'Fico Equivalent','A',to_date('01-JUL-13','DD-MON-RR'),to_date('01-JUL-14','DD-MON-RR'),null,to_date('01-JUL-13','DD-MON-RR'),null,to_date('01-JUL-13','DD-MON-RR'));
Insert into ORC_AGGR_RULE_ELEM (ORC_AGGR_RULE_ID,ATTR_ID,AGGR_ELEM_TYP_ID,AGGR_ORD,ORC_AGGR_RULE_DESC,EFF_STS,EFF_DT,END_DT,CRTE_USER_ID,CRTE_DT,LST_UPD_USER_ID,LST_UPD_DT) values (6,33,2,1,'Num of Accounts','A',to_date('01-JUL-13','DD-MON-RR'),to_date('01-JUL-14','DD-MON-RR'),null,to_date('01-JUL-13','DD-MON-RR'),null,to_date('01-JUL-13','DD-MON-RR'));
Insert into ORC_AGGR_RULE_ELEM (ORC_AGGR_RULE_ID,ATTR_ID,AGGR_ELEM_TYP_ID,AGGR_ORD,ORC_AGGR_RULE_DESC,EFF_STS,EFF_DT,END_DT,CRTE_USER_ID,CRTE_DT,LST_UPD_USER_ID,LST_UPD_DT) values (6,34,2,2,'Unpaid Principal Balance','A',to_date('01-JUL-13','DD-MON-RR'),to_date('01-JUL-14','DD-MON-RR'),null,to_date('01-JUL-13','DD-MON-RR'),null,to_date('01-JUL-13','DD-MON-RR'));
Insert into ORC_AGGR_RULE_ELEM (ORC_AGGR_RULE_ID,ATTR_ID,AGGR_ELEM_TYP_ID,AGGR_ORD,ORC_AGGR_RULE_DESC,EFF_STS,EFF_DT,END_DT,CRTE_USER_ID,CRTE_DT,LST_UPD_USER_ID,LST_UPD_DT) values (6,35,2,3,'Account ENR','A',to_date('01-JUL-13','DD-MON-RR'),to_date('01-JUL-14','DD-MON-RR'),null,to_date('01-JUL-13','DD-MON-RR'),null,to_date('01-JUL-13','DD-MON-RR'));
Insert into ORC_AGGR_RULE_ELEM (ORC_AGGR_RULE_ID,ATTR_ID,AGGR_ELEM_TYP_ID,AGGR_ORD,ORC_AGGR_RULE_DESC,EFF_STS,EFF_DT,END_DT,CRTE_USER_ID,CRTE_DT,LST_UPD_USER_ID,LST_UPD_DT) values (6,38,2,4,'Number of New Accounts','A',to_date('01-JUL-13','DD-MON-RR'),to_date('01-JUL-14','DD-MON-RR'),null,to_date('01-JUL-13','DD-MON-RR'),null,to_date('01-JUL-13','DD-MON-RR'));
Insert into ORC_AGGR_RULE_ELEM (ORC_AGGR_RULE_ID,ATTR_ID,AGGR_ELEM_TYP_ID,AGGR_ORD,ORC_AGGR_RULE_DESC,EFF_STS,EFF_DT,END_DT,CRTE_USER_ID,CRTE_DT,LST_UPD_USER_ID,LST_UPD_DT) values (6,40,2,5,'Commitment Amount','A',to_date('01-JUL-13','DD-MON-RR'),to_date('01-JUL-14','DD-MON-RR'),null,to_date('01-JUL-13','DD-MON-RR'),null,to_date('01-JUL-13','DD-MON-RR'));
Insert into ORC_AGGR_RULE_ELEM (ORC_AGGR_RULE_ID,ATTR_ID,AGGR_ELEM_TYP_ID,AGGR_ORD,ORC_AGGR_RULE_DESC,EFF_STS,EFF_DT,END_DT,CRTE_USER_ID,CRTE_DT,LST_UPD_USER_ID,LST_UPD_DT) values (6,44,2,6,'Modification Amount','A',to_date('01-JUL-13','DD-MON-RR'),to_date('01-JUL-14','DD-MON-RR'),null,to_date('01-JUL-13','DD-MON-RR'),null,to_date('01-JUL-13','DD-MON-RR'));
Insert into ORC_AGGR_RULE_ELEM (ORC_AGGR_RULE_ID,ATTR_ID,AGGR_ELEM_TYP_ID,AGGR_ORD,ORC_AGGR_RULE_DESC,EFF_STS,EFF_DT,END_DT,CRTE_USER_ID,CRTE_DT,LST_UPD_USER_ID,LST_UPD_DT) values (6,45,2,7,'Gross Contract Charge Off Amount','A',to_date('01-JUL-13','DD-MON-RR'),to_date('01-JUL-14','DD-MON-RR'),null,to_date('01-JUL-13','DD-MON-RR'),null,to_date('01-JUL-13','DD-MON-RR'));
Insert into ORC_AGGR_RULE_ELEM (ORC_AGGR_RULE_ID,ATTR_ID,AGGR_ELEM_TYP_ID,AGGR_ORD,ORC_AGGR_RULE_DESC,EFF_STS,EFF_DT,END_DT,CRTE_USER_ID,CRTE_DT,LST_UPD_USER_ID,LST_UPD_DT) values (6,46,2,8,'Bankruptcy Charge Off Amt','A',to_date('01-JUL-13','DD-MON-RR'),to_date('01-JUL-14','DD-MON-RR'),null,to_date('01-JUL-13','DD-MON-RR'),null,to_date('01-JUL-13','DD-MON-RR'));
Insert into ORC_AGGR_RULE_ELEM (ORC_AGGR_RULE_ID,ATTR_ID,AGGR_ELEM_TYP_ID,AGGR_ORD,ORC_AGGR_RULE_DESC,EFF_STS,EFF_DT,END_DT,CRTE_USER_ID,CRTE_DT,LST_UPD_USER_ID,LST_UPD_DT) values (6,47,2,9,'Recoveries Amount','A',to_date('01-JUL-13','DD-MON-RR'),to_date('01-JUL-14','DD-MON-RR'),null,to_date('01-JUL-13','DD-MON-RR'),null,to_date('01-JUL-13','DD-MON-RR'));
Insert into ORC_AGGR_RULE_ELEM (ORC_AGGR_RULE_ID,ATTR_ID,AGGR_ELEM_TYP_ID,AGGR_ORD,ORC_AGGR_RULE_DESC,EFF_STS,EFF_DT,END_DT,CRTE_USER_ID,CRTE_DT,LST_UPD_USER_ID,LST_UPD_DT) values (6,48,2,10,'Num of Accounts Charged Off','A',to_date('01-JUL-13','DD-MON-RR'),to_date('01-JUL-14','DD-MON-RR'),null,to_date('01-JUL-13','DD-MON-RR'),null,to_date('01-JUL-13','DD-MON-RR'));
Insert into ORC_AGGR_RULE_ELEM (ORC_AGGR_RULE_ID,ATTR_ID,AGGR_ELEM_TYP_ID,AGGR_ORD,ORC_AGGR_RULE_DESC,EFF_STS,EFF_DT,END_DT,CRTE_USER_ID,CRTE_DT,LST_UPD_USER_ID,LST_UPD_DT) values (6,49,2,11,'Net Charge Off Amount','A',to_date('01-JUL-13','DD-MON-RR'),to_date('01-JUL-14','DD-MON-RR'),null,to_date('01-JUL-13','DD-MON-RR'),null,to_date('01-JUL-13','DD-MON-RR'));
Insert into ORC_AGGR_RULE_ELEM (ORC_AGGR_RULE_ID,ATTR_ID,AGGR_ELEM_TYP_ID,AGGR_ORD,ORC_AGGR_RULE_DESC,EFF_STS,EFF_DT,END_DT,CRTE_USER_ID,CRTE_DT,LST_UPD_USER_ID,LST_UPD_DT) values (6,50,2,12,'Net Charge Off Recon Amount','A',to_date('01-JUL-13','DD-MON-RR'),to_date('01-JUL-14','DD-MON-RR'),null,to_date('01-JUL-13','DD-MON-RR'),null,to_date('01-JUL-13','DD-MON-RR'));
Insert into ORC_AGGR_RULE_ELEM (ORC_AGGR_RULE_ID,ATTR_ID,AGGR_ELEM_TYP_ID,AGGR_ORD,ORC_AGGR_RULE_DESC,EFF_STS,EFF_DT,END_DT,CRTE_USER_ID,CRTE_DT,LST_UPD_USER_ID,LST_UPD_DT) values (6,57,3,1,'Include Account Filter','A',to_date('02-JUL-13','DD-MON-RR'),to_date('02-JUL-14','DD-MON-RR'),null,to_date('02-JUL-13','DD-MON-RR'),null,to_date('02-JUL-13','DD-MON-RR'));
Insert into ORC_AGGR_RULE_ELEM (ORC_AGGR_RULE_ID,ATTR_ID,AGGR_ELEM_TYP_ID,AGGR_ORD,ORC_AGGR_RULE_DESC,EFF_STS,EFF_DT,END_DT,CRTE_USER_ID,CRTE_DT,LST_UPD_USER_ID,LST_UPD_DT) values (7,27,1,1,'Product Type','A',to_date('01-JUL-13','DD-MON-RR'),to_date('01-JUL-14','DD-MON-RR'),null,to_date('01-JUL-13','DD-MON-RR'),null,to_date('01-JUL-13','DD-MON-RR'));
Insert into ORC_AGGR_RULE_ELEM (ORC_AGGR_RULE_ID,ATTR_ID,AGGR_ELEM_TYP_ID,AGGR_ORD,ORC_AGGR_RULE_DESC,EFF_STS,EFF_DT,END_DT,CRTE_USER_ID,CRTE_DT,LST_UPD_USER_ID,LST_UPD_DT) values (7,28,1,2,'Region ','A',to_date('01-JUL-13','DD-MON-RR'),to_date('01-JUL-14','DD-MON-RR'),null,to_date('01-JUL-13','DD-MON-RR'),null,to_date('01-JUL-13','DD-MON-RR'));
Insert into ORC_AGGR_RULE_ELEM (ORC_AGGR_RULE_ID,ATTR_ID,AGGR_ELEM_TYP_ID,AGGR_ORD,ORC_AGGR_RULE_DESC,EFF_STS,EFF_DT,END_DT,CRTE_USER_ID,CRTE_DT,LST_UPD_USER_ID,LST_UPD_DT) values (7,29,1,3,'Original LTV ','A',to_date('01-JUL-13','DD-MON-RR'),to_date('01-JUL-14','DD-MON-RR'),null,to_date('01-JUL-13','DD-MON-RR'),null,to_date('01-JUL-13','DD-MON-RR'));
Insert into ORC_AGGR_RULE_ELEM (ORC_AGGR_RULE_ID,ATTR_ID,AGGR_ELEM_TYP_ID,AGGR_ORD,ORC_AGGR_RULE_DESC,EFF_STS,EFF_DT,END_DT,CRTE_USER_ID,CRTE_DT,LST_UPD_USER_ID,LST_UPD_DT) values (7,31,1,4,'Delinquency Status','A',to_date('01-JUL-13','DD-MON-RR'),to_date('01-JUL-14','DD-MON-RR'),null,to_date('01-JUL-13','DD-MON-RR'),null,to_date('01-JUL-13','DD-MON-RR'));
Insert into ORC_AGGR_RULE_ELEM (ORC_AGGR_RULE_ID,ATTR_ID,AGGR_ELEM_TYP_ID,AGGR_ORD,ORC_AGGR_RULE_DESC,EFF_STS,EFF_DT,END_DT,CRTE_USER_ID,CRTE_DT,LST_UPD_USER_ID,LST_UPD_DT) values (7,32,1,5,'Fico Equivalent','A',to_date('01-JUL-13','DD-MON-RR'),to_date('01-JUL-14','DD-MON-RR'),null,to_date('01-JUL-13','DD-MON-RR'),null,to_date('01-JUL-13','DD-MON-RR'));
Insert into ORC_AGGR_RULE_ELEM (ORC_AGGR_RULE_ID,ATTR_ID,AGGR_ELEM_TYP_ID,AGGR_ORD,ORC_AGGR_RULE_DESC,EFF_STS,EFF_DT,END_DT,CRTE_USER_ID,CRTE_DT,LST_UPD_USER_ID,LST_UPD_DT) values (7,33,2,1,'Num of Accounts','A',to_date('01-JUL-13','DD-MON-RR'),to_date('01-JUL-14','DD-MON-RR'),null,to_date('01-JUL-13','DD-MON-RR'),null,to_date('01-JUL-13','DD-MON-RR'));
Insert into ORC_AGGR_RULE_ELEM (ORC_AGGR_RULE_ID,ATTR_ID,AGGR_ELEM_TYP_ID,AGGR_ORD,ORC_AGGR_RULE_DESC,EFF_STS,EFF_DT,END_DT,CRTE_USER_ID,CRTE_DT,LST_UPD_USER_ID,LST_UPD_DT) values (7,34,2,2,'Unpaid Principal Balance','A',to_date('01-JUL-13','DD-MON-RR'),to_date('01-JUL-14','DD-MON-RR'),null,to_date('01-JUL-13','DD-MON-RR'),null,to_date('01-JUL-13','DD-MON-RR'));
Insert into ORC_AGGR_RULE_ELEM (ORC_AGGR_RULE_ID,ATTR_ID,AGGR_ELEM_TYP_ID,AGGR_ORD,ORC_AGGR_RULE_DESC,EFF_STS,EFF_DT,END_DT,CRTE_USER_ID,CRTE_DT,LST_UPD_USER_ID,LST_UPD_DT) values (7,35,2,3,'Account ENR','A',to_date('01-JUL-13','DD-MON-RR'),to_date('01-JUL-14','DD-MON-RR'),null,to_date('01-JUL-13','DD-MON-RR'),null,to_date('01-JUL-13','DD-MON-RR'));
Insert into ORC_AGGR_RULE_ELEM (ORC_AGGR_RULE_ID,ATTR_ID,AGGR_ELEM_TYP_ID,AGGR_ORD,ORC_AGGR_RULE_DESC,EFF_STS,EFF_DT,END_DT,CRTE_USER_ID,CRTE_DT,LST_UPD_USER_ID,LST_UPD_DT) values (7,38,2,4,'Number of New Accounts','A',to_date('01-JUL-13','DD-MON-RR'),to_date('01-JUL-14','DD-MON-RR'),null,to_date('01-JUL-13','DD-MON-RR'),null,to_date('01-JUL-13','DD-MON-RR'));
Insert into ORC_AGGR_RULE_ELEM (ORC_AGGR_RULE_ID,ATTR_ID,AGGR_ELEM_TYP_ID,AGGR_ORD,ORC_AGGR_RULE_DESC,EFF_STS,EFF_DT,END_DT,CRTE_USER_ID,CRTE_DT,LST_UPD_USER_ID,LST_UPD_DT) values (7,41,2,5,'New Commitment Amount','A',to_date('01-JUL-13','DD-MON-RR'),to_date('01-JUL-14','DD-MON-RR'),null,to_date('01-JUL-13','DD-MON-RR'),null,to_date('01-JUL-13','DD-MON-RR'));
Insert into ORC_AGGR_RULE_ELEM (ORC_AGGR_RULE_ID,ATTR_ID,AGGR_ELEM_TYP_ID,AGGR_ORD,ORC_AGGR_RULE_DESC,EFF_STS,EFF_DT,END_DT,CRTE_USER_ID,CRTE_DT,LST_UPD_USER_ID,LST_UPD_DT) values (7,45,2,6,'Gross Contract Charge Off Amount','A',to_date('01-JUL-13','DD-MON-RR'),to_date('01-JUL-14','DD-MON-RR'),null,to_date('01-JUL-13','DD-MON-RR'),null,to_date('01-JUL-13','DD-MON-RR'));
Insert into ORC_AGGR_RULE_ELEM (ORC_AGGR_RULE_ID,ATTR_ID,AGGR_ELEM_TYP_ID,AGGR_ORD,ORC_AGGR_RULE_DESC,EFF_STS,EFF_DT,END_DT,CRTE_USER_ID,CRTE_DT,LST_UPD_USER_ID,LST_UPD_DT) values (7,46,2,7,'Bankruptcy Charge Off Amt','A',to_date('01-JUL-13','DD-MON-RR'),to_date('01-JUL-14','DD-MON-RR'),null,to_date('01-JUL-13','DD-MON-RR'),null,to_date('01-JUL-13','DD-MON-RR'));
Insert into ORC_AGGR_RULE_ELEM (ORC_AGGR_RULE_ID,ATTR_ID,AGGR_ELEM_TYP_ID,AGGR_ORD,ORC_AGGR_RULE_DESC,EFF_STS,EFF_DT,END_DT,CRTE_USER_ID,CRTE_DT,LST_UPD_USER_ID,LST_UPD_DT) values (7,47,2,8,'Recoveries Amount','A',to_date('01-JUL-13','DD-MON-RR'),to_date('01-JUL-14','DD-MON-RR'),null,to_date('01-JUL-13','DD-MON-RR'),null,to_date('01-JUL-13','DD-MON-RR'));
Insert into ORC_AGGR_RULE_ELEM (ORC_AGGR_RULE_ID,ATTR_ID,AGGR_ELEM_TYP_ID,AGGR_ORD,ORC_AGGR_RULE_DESC,EFF_STS,EFF_DT,END_DT,CRTE_USER_ID,CRTE_DT,LST_UPD_USER_ID,LST_UPD_DT) values (7,48,2,9,'Num of Accounts Charged Off','A',to_date('01-JUL-13','DD-MON-RR'),to_date('01-JUL-14','DD-MON-RR'),null,to_date('01-JUL-13','DD-MON-RR'),null,to_date('01-JUL-13','DD-MON-RR'));
Insert into ORC_AGGR_RULE_ELEM (ORC_AGGR_RULE_ID,ATTR_ID,AGGR_ELEM_TYP_ID,AGGR_ORD,ORC_AGGR_RULE_DESC,EFF_STS,EFF_DT,END_DT,CRTE_USER_ID,CRTE_DT,LST_UPD_USER_ID,LST_UPD_DT) values (7,49,2,10,'Net Charge Off Amount','A',to_date('01-JUL-13','DD-MON-RR'),to_date('01-JUL-14','DD-MON-RR'),null,to_date('01-JUL-13','DD-MON-RR'),null,to_date('01-JUL-13','DD-MON-RR'));
Insert into ORC_AGGR_RULE_ELEM (ORC_AGGR_RULE_ID,ATTR_ID,AGGR_ELEM_TYP_ID,AGGR_ORD,ORC_AGGR_RULE_DESC,EFF_STS,EFF_DT,END_DT,CRTE_USER_ID,CRTE_DT,LST_UPD_USER_ID,LST_UPD_DT) values (7,50,2,11,'Net Charge Off Recon Amount','A',to_date('01-JUL-13','DD-MON-RR'),to_date('01-JUL-14','DD-MON-RR'),null,to_date('01-JUL-13','DD-MON-RR'),null,to_date('01-JUL-13','DD-MON-RR'));
Insert into ORC_AGGR_RULE_ELEM (ORC_AGGR_RULE_ID,ATTR_ID,AGGR_ELEM_TYP_ID,AGGR_ORD,ORC_AGGR_RULE_DESC,EFF_STS,EFF_DT,END_DT,CRTE_USER_ID,CRTE_DT,LST_UPD_USER_ID,LST_UPD_DT) values (7,57,3,1,'Include Account Filter','A',to_date('02-JUL-13','DD-MON-RR'),to_date('02-JUL-14','DD-MON-RR'),null,to_date('02-JUL-13','DD-MON-RR'),null,to_date('02-JUL-13','DD-MON-RR'));
Insert into ORC_AGGR_RULE_ELEM (ORC_AGGR_RULE_ID,ATTR_ID,AGGR_ELEM_TYP_ID,AGGR_ORD,ORC_AGGR_RULE_DESC,EFF_STS,EFF_DT,END_DT,CRTE_USER_ID,CRTE_DT,LST_UPD_USER_ID,LST_UPD_DT) values (8,27,1,1,'Product Type','A',to_date('01-JUL-13','DD-MON-RR'),to_date('01-JUL-14','DD-MON-RR'),null,to_date('01-JUL-13','DD-MON-RR'),null,to_date('01-JUL-13','DD-MON-RR'));
Insert into ORC_AGGR_RULE_ELEM (ORC_AGGR_RULE_ID,ATTR_ID,AGGR_ELEM_TYP_ID,AGGR_ORD,ORC_AGGR_RULE_DESC,EFF_STS,EFF_DT,END_DT,CRTE_USER_ID,CRTE_DT,LST_UPD_USER_ID,LST_UPD_DT) values (8,29,1,2,'Original LTV ','A',to_date('01-JUL-13','DD-MON-RR'),to_date('01-JUL-14','DD-MON-RR'),null,to_date('01-JUL-13','DD-MON-RR'),null,to_date('01-JUL-13','DD-MON-RR'));
Insert into ORC_AGGR_RULE_ELEM (ORC_AGGR_RULE_ID,ATTR_ID,AGGR_ELEM_TYP_ID,AGGR_ORD,ORC_AGGR_RULE_DESC,EFF_STS,EFF_DT,END_DT,CRTE_USER_ID,CRTE_DT,LST_UPD_USER_ID,LST_UPD_DT) values (8,31,1,3,'Delinquency Status','A',to_date('01-JUL-13','DD-MON-RR'),to_date('01-JUL-14','DD-MON-RR'),null,to_date('01-JUL-13','DD-MON-RR'),null,to_date('01-JUL-13','DD-MON-RR'));
Insert into ORC_AGGR_RULE_ELEM (ORC_AGGR_RULE_ID,ATTR_ID,AGGR_ELEM_TYP_ID,AGGR_ORD,ORC_AGGR_RULE_DESC,EFF_STS,EFF_DT,END_DT,CRTE_USER_ID,CRTE_DT,LST_UPD_USER_ID,LST_UPD_DT) values (8,32,1,4,'Fico Equivalent','A',to_date('01-JUL-13','DD-MON-RR'),to_date('01-JUL-14','DD-MON-RR'),null,to_date('01-JUL-13','DD-MON-RR'),null,to_date('01-JUL-13','DD-MON-RR'));
Insert into ORC_AGGR_RULE_ELEM (ORC_AGGR_RULE_ID,ATTR_ID,AGGR_ELEM_TYP_ID,AGGR_ORD,ORC_AGGR_RULE_DESC,EFF_STS,EFF_DT,END_DT,CRTE_USER_ID,CRTE_DT,LST_UPD_USER_ID,LST_UPD_DT) values (8,33,2,1,'Num of Accounts','A',to_date('01-JUL-13','DD-MON-RR'),to_date('01-JUL-14','DD-MON-RR'),null,to_date('01-JUL-13','DD-MON-RR'),null,to_date('01-JUL-13','DD-MON-RR'));
Insert into ORC_AGGR_RULE_ELEM (ORC_AGGR_RULE_ID,ATTR_ID,AGGR_ELEM_TYP_ID,AGGR_ORD,ORC_AGGR_RULE_DESC,EFF_STS,EFF_DT,END_DT,CRTE_USER_ID,CRTE_DT,LST_UPD_USER_ID,LST_UPD_DT) values (8,34,2,2,'Unpaid Principal Balance','A',to_date('01-JUL-13','DD-MON-RR'),to_date('01-JUL-14','DD-MON-RR'),null,to_date('01-JUL-13','DD-MON-RR'),null,to_date('01-JUL-13','DD-MON-RR'));
Insert into ORC_AGGR_RULE_ELEM (ORC_AGGR_RULE_ID,ATTR_ID,AGGR_ELEM_TYP_ID,AGGR_ORD,ORC_AGGR_RULE_DESC,EFF_STS,EFF_DT,END_DT,CRTE_USER_ID,CRTE_DT,LST_UPD_USER_ID,LST_UPD_DT) values (8,35,2,3,'Account ENR','A',to_date('01-JUL-13','DD-MON-RR'),to_date('01-JUL-14','DD-MON-RR'),null,to_date('01-JUL-13','DD-MON-RR'),null,to_date('01-JUL-13','DD-MON-RR'));
Insert into ORC_AGGR_RULE_ELEM (ORC_AGGR_RULE_ID,ATTR_ID,AGGR_ELEM_TYP_ID,AGGR_ORD,ORC_AGGR_RULE_DESC,EFF_STS,EFF_DT,END_DT,CRTE_USER_ID,CRTE_DT,LST_UPD_USER_ID,LST_UPD_DT) values (8,38,2,4,'Number of New Accounts','A',to_date('01-JUL-13','DD-MON-RR'),to_date('01-JUL-14','DD-MON-RR'),null,to_date('01-JUL-13','DD-MON-RR'),null,to_date('01-JUL-13','DD-MON-RR'));
Insert into ORC_AGGR_RULE_ELEM (ORC_AGGR_RULE_ID,ATTR_ID,AGGR_ELEM_TYP_ID,AGGR_ORD,ORC_AGGR_RULE_DESC,EFF_STS,EFF_DT,END_DT,CRTE_USER_ID,CRTE_DT,LST_UPD_USER_ID,LST_UPD_DT) values (8,41,2,5,'New Commitment Amount','A',to_date('01-JUL-13','DD-MON-RR'),to_date('01-JUL-14','DD-MON-RR'),null,to_date('01-JUL-13','DD-MON-RR'),null,to_date('01-JUL-13','DD-MON-RR'));
Insert into ORC_AGGR_RULE_ELEM (ORC_AGGR_RULE_ID,ATTR_ID,AGGR_ELEM_TYP_ID,AGGR_ORD,ORC_AGGR_RULE_DESC,EFF_STS,EFF_DT,END_DT,CRTE_USER_ID,CRTE_DT,LST_UPD_USER_ID,LST_UPD_DT) values (8,45,2,6,'Gross Contract Charge Off Amount','A',to_date('01-JUL-13','DD-MON-RR'),to_date('01-JUL-14','DD-MON-RR'),null,to_date('01-JUL-13','DD-MON-RR'),null,to_date('01-JUL-13','DD-MON-RR'));
Insert into ORC_AGGR_RULE_ELEM (ORC_AGGR_RULE_ID,ATTR_ID,AGGR_ELEM_TYP_ID,AGGR_ORD,ORC_AGGR_RULE_DESC,EFF_STS,EFF_DT,END_DT,CRTE_USER_ID,CRTE_DT,LST_UPD_USER_ID,LST_UPD_DT) values (8,46,2,7,'Bankruptcy Charge Off Amt','A',to_date('01-JUL-13','DD-MON-RR'),to_date('01-JUL-14','DD-MON-RR'),null,to_date('01-JUL-13','DD-MON-RR'),null,to_date('01-JUL-13','DD-MON-RR'));
Insert into ORC_AGGR_RULE_ELEM (ORC_AGGR_RULE_ID,ATTR_ID,AGGR_ELEM_TYP_ID,AGGR_ORD,ORC_AGGR_RULE_DESC,EFF_STS,EFF_DT,END_DT,CRTE_USER_ID,CRTE_DT,LST_UPD_USER_ID,LST_UPD_DT) values (8,47,2,8,'Recoveries Amount','A',to_date('01-JUL-13','DD-MON-RR'),to_date('01-JUL-14','DD-MON-RR'),null,to_date('01-JUL-13','DD-MON-RR'),null,to_date('01-JUL-13','DD-MON-RR'));
Insert into ORC_AGGR_RULE_ELEM (ORC_AGGR_RULE_ID,ATTR_ID,AGGR_ELEM_TYP_ID,AGGR_ORD,ORC_AGGR_RULE_DESC,EFF_STS,EFF_DT,END_DT,CRTE_USER_ID,CRTE_DT,LST_UPD_USER_ID,LST_UPD_DT) values (8,48,2,9,'Num of Accounts Charged Off','A',to_date('01-JUL-13','DD-MON-RR'),to_date('01-JUL-14','DD-MON-RR'),null,to_date('01-JUL-13','DD-MON-RR'),null,to_date('01-JUL-13','DD-MON-RR'));
Insert into ORC_AGGR_RULE_ELEM (ORC_AGGR_RULE_ID,ATTR_ID,AGGR_ELEM_TYP_ID,AGGR_ORD,ORC_AGGR_RULE_DESC,EFF_STS,EFF_DT,END_DT,CRTE_USER_ID,CRTE_DT,LST_UPD_USER_ID,LST_UPD_DT) values (8,49,2,10,'Net Charge Off Amount','A',to_date('01-JUL-13','DD-MON-RR'),to_date('01-JUL-14','DD-MON-RR'),null,to_date('01-JUL-13','DD-MON-RR'),null,to_date('01-JUL-13','DD-MON-RR'));
Insert into ORC_AGGR_RULE_ELEM (ORC_AGGR_RULE_ID,ATTR_ID,AGGR_ELEM_TYP_ID,AGGR_ORD,ORC_AGGR_RULE_DESC,EFF_STS,EFF_DT,END_DT,CRTE_USER_ID,CRTE_DT,LST_UPD_USER_ID,LST_UPD_DT) values (8,50,2,11,'Net Charge Off Recon Amount','A',to_date('01-JUL-13','DD-MON-RR'),to_date('01-JUL-14','DD-MON-RR'),null,to_date('01-JUL-13','DD-MON-RR'),null,to_date('01-JUL-13','DD-MON-RR'));
Insert into ORC_AGGR_RULE_ELEM (ORC_AGGR_RULE_ID,ATTR_ID,AGGR_ELEM_TYP_ID,AGGR_ORD,ORC_AGGR_RULE_DESC,EFF_STS,EFF_DT,END_DT,CRTE_USER_ID,CRTE_DT,LST_UPD_USER_ID,LST_UPD_DT) values (8,57,3,1,'Include Account Filter','A',to_date('02-JUL-13','DD-MON-RR'),to_date('02-JUL-14','DD-MON-RR'),null,to_date('02-JUL-13','DD-MON-RR'),null,to_date('02-JUL-13','DD-MON-RR'));


ORC_AGGR_MAP
------------

Insert into ORC_AGGR_MAP (ORC_AGGR_RULE_ID,BUS_FUNC_CD,CNTRY_CD,PROD_ID,BSUNIT,FED_SCD_ID,CAT,EFF_STS,EFF_DT,END_DT,CRTE_USER_ID,CRTE_DT,LST_UPD_USER_ID,LST_UPD_DT) values ('1','BASEL','BR',1,'1',11,'1','A',to_date('06-JUN-13','DD-MON-RR'),to_date('06-JUN-14','DD-MON-RR'),null,to_date('06-JUN-13','DD-MON-RR'),null,null);
Insert into ORC_AGGR_MAP (ORC_AGGR_RULE_ID,BUS_FUNC_CD,CNTRY_CD,PROD_ID,BSUNIT,FED_SCD_ID,CAT,EFF_STS,EFF_DT,END_DT,CRTE_USER_ID,CRTE_DT,LST_UPD_USER_ID,LST_UPD_DT) values ('2','ICCAR','BR',1,'1',3,'1','A',to_date('06-JUN-13','DD-MON-RR'),to_date('06-JUN-14','DD-MON-RR'),null,to_date('06-JUN-13','DD-MON-RR'),null,null);
Insert into ORC_AGGR_MAP (ORC_AGGR_RULE_ID,BUS_FUNC_CD,CNTRY_CD,PROD_ID,BSUNIT,FED_SCD_ID,CAT,EFF_STS,EFF_DT,END_DT,CRTE_USER_ID,CRTE_DT,LST_UPD_USER_ID,LST_UPD_DT) values ('3','ICCAR','BR',1,'1',1,'1','A',to_date('06-JUN-13','DD-MON-RR'),to_date('06-JUN-14','DD-MON-RR'),null,to_date('06-JUN-13','DD-MON-RR'),null,null);
Insert into ORC_AGGR_MAP (ORC_AGGR_RULE_ID,BUS_FUNC_CD,CNTRY_CD,PROD_ID,BSUNIT,FED_SCD_ID,CAT,EFF_STS,EFF_DT,END_DT,CRTE_USER_ID,CRTE_DT,LST_UPD_USER_ID,LST_UPD_DT) values ('4','ICCAR','BR',1,'1',2,'1','A',to_date('06-JUN-13','DD-MON-RR'),to_date('06-JUN-14','DD-MON-RR'),null,to_date('06-JUN-13','DD-MON-RR'),null,null);
Insert into ORC_AGGR_MAP (ORC_AGGR_RULE_ID,BUS_FUNC_CD,CNTRY_CD,PROD_ID,BSUNIT,FED_SCD_ID,CAT,EFF_STS,EFF_DT,END_DT,CRTE_USER_ID,CRTE_DT,LST_UPD_USER_ID,LST_UPD_DT) values ('5','ICCAR','BR',1,'1',5,'1','A',to_date('06-JUN-13','DD-MON-RR'),to_date('06-JUN-14','DD-MON-RR'),null,to_date('06-JUN-13','DD-MON-RR'),null,null);
Insert into ORC_AGGR_MAP (ORC_AGGR_RULE_ID,BUS_FUNC_CD,CNTRY_CD,PROD_ID,BSUNIT,FED_SCD_ID,CAT,EFF_STS,EFF_DT,END_DT,CRTE_USER_ID,CRTE_DT,LST_UPD_USER_ID,LST_UPD_DT) values ('6','ICCAR','BR',1,'1',7,'1','A',to_date('06-JUN-13','DD-MON-RR'),to_date('06-JUN-14','DD-MON-RR'),null,to_date('06-JUN-13','DD-MON-RR'),null,null);
Insert into ORC_AGGR_MAP (ORC_AGGR_RULE_ID,BUS_FUNC_CD,CNTRY_CD,PROD_ID,BSUNIT,FED_SCD_ID,CAT,EFF_STS,EFF_DT,END_DT,CRTE_USER_ID,CRTE_DT,LST_UPD_USER_ID,LST_UPD_DT) values ('7','ICCAR','BR',1,'1',4,'1','A',to_date('06-JUN-13','DD-MON-RR'),to_date('06-JUN-14','DD-MON-RR'),null,to_date('06-JUN-13','DD-MON-RR'),null,null);
Insert into ORC_AGGR_MAP (ORC_AGGR_RULE_ID,BUS_FUNC_CD,CNTRY_CD,PROD_ID,BSUNIT,FED_SCD_ID,CAT,EFF_STS,EFF_DT,END_DT,CRTE_USER_ID,CRTE_DT,LST_UPD_USER_ID,LST_UPD_DT) values ('8','ICCAR','BR',1,'1',8,'1','A',to_date('06-JUN-13','DD-MON-RR'),to_date('06-JUN-14','DD-MON-RR'),null,to_date('06-JUN-13','DD-MON-RR'),null,null);
